building_id,school_name,building_address,city,borough,borough_code,geographical_district,latitude,longitude
Q225,P.S. 317 - QUEENS,1-90 BEACH 110 STREET,Queens,QUEENS,Q,27,40.580928,-73.831836
X161,P.S. 161 - BRONX,628 TINTON AVENUE,Bronx,BRONX,X,7,40.814916,-73.905518
K020,P.S. 20 - BROOKLYN,225 ADELPHI STREET,Brooklyn,BROOKLYN,K,13,40.690765,-73.971376
X054,P.S. 54 - BRONX,2703 WEBSTER AVENUE,Bronx,BRONX,X,10,40.864527,-73.887829
Q202,I.S. 202 - QUEENS,138-30 LAFAYETTE STREET,Queens,QUEENS,Q,27,40.67124,-73.845141
M102,P.S. 102 - MANHATTAN,315 EAST 113 STREET,Manhattan,MANHATTAN,M,4,40.794869,-73.938711
K145,P.S. 145 - BROOKLYN,100 NOLL STREET,Brooklyn,BROOKLYN,K,32,40.701621,-73.93241
R069,P.S. 69 - STATEN ISLAND,144 KEATING PLACE,Staten Island,STATEN IS,R,31,40.591468,-74.156705
K081,P.S. 81 - BROOKLYN,990 DEKALB AVENUE,Brooklyn,BROOKLYN,K,16,40.693161,-73.935765
Q033,P.S. 33 - QUEENS,91-37 222 STREET,Queens,QUEENS,Q,29,40.727134,-73.735077
M054,I.S. 54 - MANHATTAN,103 WEST 107 STREET,Manhattan,MANHATTAN,M,3,40.800119,-73.962837
X110,P.S. 110 - BRONX,580 CROTONA PARK SOUTH,Bronx,BRONX,X,9,40.835286,-73.900751
X405,HERBERT H. LEHMAN HS - X,3000 EAST TREMONT AVENUE,Bronx,BRONX,X,8,40.840733,-73.838685
M028,P.S. 28 - MANHATTAN,475 WEST 155 STREET,Manhattan,MANHATTAN,M,6,40.831227,-73.942143
K308,P.S. 308 - BROOKLYN,616 QUINCY STREET,Brooklyn,BROOKLYN,K,16,40.688695,-73.935499
X162,HOSTOS-LINCOLN ACADEMY OF SCIENCE,600 ST ANNS AVENUE,Bronx,BRONX,X,7,40.815525,-73.912226
Q076,P.S. 76 - QUEENS,36-36 10 STREET,Queens,QUEENS,Q,30,40.760852,-73.941143
Q018,P.S. 18 - QUEENS,86-35 235 COURT,Queens,QUEENS,Q,26,40.732112,-73.73246
K285,I.S. 285 - BROOKLYN,5905 BEVERLY ROAD,Brooklyn,BROOKLYN,K,18,40.646875,-73.921028
K004,I.S. @ 4012 FORT HAMILTON PARKWAY - BROOKLYN,4012 FORT HAMILTON PARKWAY,Brooklyn,BROOKLYN,K,15,40.642578,-73.991388
R470,CONCORD HS - R,109 RHINE AVENUE,Staten Island,STATEN IS,R,31,40.610868,-74.087379
Q119,I.S. 119 - QUEENS,74-01 78 AVENUE,Queens,QUEENS,Q,24,40.704406,-73.875183
Q339,THE WOODSIDE COMMUNITY SCHOOL - QUEENS,39-07 57TH STREET,Queens,QUEENS,Q,30,40.747693,-73.906429
K054,P.S. 54 - BROOKLYN,195 SANDFORD STREET,Brooklyn,BROOKLYN,K,13,40.692741,-73.952981
Q036,P.S. 36 - QUEENS,187-01 FOCH BOULEVARD,Queens,QUEENS,Q,29,40.690828,-73.763907
M070,NYC LAB MIDDLE SCHOOL - MANHATTAN,333 WEST 17 STREET,Manhattan,MANHATTAN,M,2,40.742129,-74.002198
M191,P.S. 452 - MANHATTAN,210 WEST 61 STREET,Manhattan,MANHATTAN,M,3,40.771966,-73.987429
K179,P.S. 179 - BROOKLYN,202 AVENUE C,Brooklyn,BROOKLYN,K,20,40.640463,-73.977642
Q081,P.S. 81 - QUEENS,559 CYPRESS AVENUE,Queens,QUEENS,Q,24,40.703765,-73.912344
Q139,P.S. 139 - QUEENS,93-06 63 DRIVE,Queens,QUEENS,Q,28,40.72814,-73.863582
R072,I.S. 72 - STATEN ISLAND,33 FERNDALE AVENUE,Staten Island,STATEN IS,R,31,40.593005,-74.158988
K104,P.S. 104 - BROOKLYN,9115 5 AVENUE,Brooklyn,BROOKLYN,K,20,40.618415,-74.028842
Q452,LONG ISLAND CITY HS - Q,14-30 BROADWAY,Queens,QUEENS,Q,30,40.765826,-73.9328
R006,P.S. 6 - STATEN ISLAND,555 PAGE AVENUE,Staten Island,STATEN IS,R,31,40.510735,-74.231109
K246,I.S. 246 - BROOKLYN,72 VERONICA PLACE,Brooklyn,BROOKLYN,K,17,40.648608,-73.952821
K405,MIDWOOD HS - BROOKLYN,2839 BEDFORD AVENUE,Brooklyn,BROOKLYN,K,22,40.633237,-73.952929
K722,K721 SPED - BROOKLYN,64 AVENUE X,Brooklyn,BROOKLYN,K,21,40.589317,-73.98131
R029,P.S. 29 - STATEN ISLAND,1581 VICTORY BOULEVARD,Staten Island,STATEN IS,R,31,40.613604,-74.115988
K358,JOHN DEWEY ANNEX - BROOKLYN,106 AVENUE X,Brooklyn,,K,21,,
X140,P.S. 140 - BRONX,916 EAGLE AVENUE,Bronx,BRONX,X,8,40.823289,-73.907948
M641,CITY-AS-SCHOOL - MANHATTAN,16 CLARKSON STREET,Manhattan,MANHATTAN,M,2,40.729412,-74.006242
K111,I.S. 349 - BROOKLYN,35 STARR STREET,Brooklyn,BROOKLYN,K,32,40.70069,-73.927481
K306,P.S. 306 - BROOKLYN,970 VERMONT STREET,Brooklyn,BROOKLYN,K,19,40.655997,-73.886547
M129,P.S. 129 - MANHATTAN,425 WEST 130 STREET,Manhattan,MANHATTAN,M,5,40.814637,-73.951912
X146,P.S. 146 - BRONX,968 CAULDWELL AVENUE,Bronx,BRONX,X,8,40.825025,-73.906143
M490,HS FOR ARTS & TECHNOLOGY - M,122 AMSTERDAM AVENUE,Manhattan,MANHATTAN,M,3,40.774351,-73.984753
Q239,P.S. 239 - QUEENS,17-15 WEIRFIELD STREET,Queens,QUEENS,Q,24,40.699149,-73.903799
Q070,P.S. 70 - QUEENS,30-45 42 STREET,Queens,QUEENS,Q,30,40.762103,-73.914227
Q180,THE SCHOLARS ACADEMY - QUEENS,320 BEACH 104 STREET,Queens,QUEENS,Q,27,40.584158,-73.825736
K371,K371 SPED - BROOKLYN,355 37 STREET,Brooklyn,BROOKLYN,K,15,40.654293,-74.005889
Q435,MARTIN VAN BUREN HS - QUEENS,230-17 HILLSIDE AVENUE,Queens,QUEENS,Q,26,40.733066,-73.738756
K219,P.S. 219 - BROOKLYN,1060 CLARKSON AVENUE,Brooklyn,BROOKLYN,K,18,40.659288,-73.922919
Q155,P.S. 155 - QUEENS,130-02 115 AVENUE,Queens,QUEENS,Q,27,40.67956,-73.8106
X120,I.S. 301 - BRONX,890 CAULDWELL AVENUE,Bronx,BRONX,X,8,40.822474,-73.907194
K680,I.S. @ 46 VERONA STREET - BROOKLYN,46 VERONA STREET,Brooklyn,BROOKLYN,K,15,40.67865,-74.007816
M132,P.S. 132 - MANHATTAN,185 WADSWORTH AVENUE,Manhattan,MANHATTAN,M,6,40.850626,-73.934377
K005,P.S. 5 - BROOKLYN,820 HANCOCK STREET,Brooklyn,BROOKLYN,K,16,40.685687,-73.922532
Q090,P.S. 90 - QUEENS,86-50 109 STREET,Queens,QUEENS,Q,27,40.697033,-73.839213
Q117,P.S. 117 - QUEENS,85-15 143RD STREET,Queens,QUEENS,Q,28,40.709463,-73.813376
K150,P.S. 150 - BROOKLYN,364 SACKMAN STREET,Brooklyn,BROOKLYN,K,23,40.66896,-73.904726
Q056,P.S. 56 - QUEENS,86-10 114 STREET,Queens,QUEENS,Q,27,40.69919,-73.835299
X030,P.S. 30 - BRONX,510 EAST 141 STREET,Bronx,BRONX,X,7,40.80937,-73.917584
Q680,YOUNG WOMENS' LEADERSHIP SCHOOL - QUEENS,150-91 87 ROAD,Queens,QUEENS,Q,28,40.707527,-73.806412
Q021,P.S. 21 - QUEENS,147-36 26TH AVENUE,Queens,QUEENS,Q,25,40.774512,-73.819284
X063,P.S. 63 - BRONX,1260 FRANKLIN AVENUE,Bronx,BRONX,X,9,40.830965,-73.902738
Q470,QUEENS COLLEGIATE SCHOOL - QUEENS,167-01 GOTHIC DRIVE,Queens,QUEENS,Q,28,40.713218,-73.797237
R041,P.S. 41 - STATEN ISLAND,216 CLAWSON STREET,Staten Island,STATEN IS,R,31,40.574044,-74.109282
X425,BRONX LAB SCHOOL - BRONX,800 EAST GUN HILL ROAD,Bronx,BRONX,X,11,40.875953,-73.86197
M045,P.S. 37 - MANHATTAN,2351 1 AVENUE,Manhattan,MANHATTAN,M,4,40.798884,-73.933319
Q096,P.S. 96 - QUEENS,130-17 ROCKAWAY BOULEVARD,Queens,QUEENS,Q,27,40.674977,-73.808245
K159,P.S. 159 - BROOKLYN,2781 PITKIN AVENUE,Brooklyn,BROOKLYN,K,19,40.675766,-73.869469
X722,X721 SPED - BRONX,2697 WESTCHESTER AVENUE,Bronx,BRONX,X,11,40.842289,-73.838949
Q411,CHANNEL VIEW SCL FOR RESEARCH - Q,100-00 BEACH CHANNEL DRIVE,Queens,QUEENS,Q,27,40.586066,-73.822624
X075,P.S. 75 - BRONX,984 FAILE STREET,Bronx,BRONX,X,8,40.822719,-73.889435
K185,P.S. 185 - BROOKLYN,8601 RIDGE BOULEVARD,Brooklyn,BROOKLYN,K,20,40.623986,-74.033779
M187,P.S. 187 - MANHATTAN,349 CABRINI BOULEVARD,Manhattan,MANHATTAN,M,6,40.85674,-73.937056
X180,I.S. 180 - BRONX,700 BAYCHESTER AVENUE,Bronx,BRONX,X,11,40.873012,-73.833809
K196,I.S. 582 - BROOKLYN,207 BUSHWICK AVENUE,Brooklyn,BROOKLYN,K,14,40.708723,-73.940002
R005,P.S. 5 - STATEN ISLAND,348A DEISIUS STREET,Staten Is,STATEN IS,R,31,40.530169,-74.187635
X002,BRONX CNTR FOR SCIENCE & MATH - X,1365 FULTON AVENUE,Bronx,BRONX,X,9,40.833696,-73.902477
Q566,"QNS HS OF TEACH., LIB. ARTS&SCI-Q",74-20 COMMONWEALTH BOULEVARD,Queens,QUEENS,Q,26,40.746088,-73.727535
X100,P.S. 100 - BRONX,800 TAYLOR AVENUE,Bronx,BRONX,X,8,40.821409,-73.862976
M440,HUDSON HS OF LEARNING TECH - MANHATTAN,351 WEST 18 STREET,Manhattan,MANHATTAN,M,2,40.742867,-74.002136
Q341,P.S. @ PARCEL C - QUEENS,1-55 54 AVENUE,Queens,QUEENS,Q,30,40.740928,-73.960012
X150,P.S. 150 - BRONX,920 EAST 167 STREET,Bronx,BRONX,X,12,40.82636,-73.894398
K440,BROOKLYN HS FOR MUSIC &THEATER - K,883 CLASSON AVENUE,Brooklyn,BROOKLYN,K,17,40.670349,-73.961695
K525,EDWARD R. MURROW HS - K,1600 AVENUE L,Brooklyn,BROOKLYN,K,21,40.620525,-73.959285
K877,K373 SPED - BROOKLYN,35 SNYDER AVENUE,Brooklyn,BROOKLYN,K,17,40.648585,-73.957282
Q127,P.S. 127 - QUEENS,98-01 25 AVENUE,Queens,QUEENS,Q,30,40.764646,-73.871641
M485,FIORELLO LAGUARDIA HS - MANHATTAN,100 AMSTERDAM AVENUE,Manhattan,MANHATTAN,M,3,40.773629,-73.985273
Q516,FOREST HILLS HS ANNEX - QUEENS,67-01 110 STREET,Queens,QUEENS,Q,78,40.729402,-73.845637
Q388,P.S. @ 23-70 WATERS EDGE DRIVE - QUEENS,23-70 WATERS EDGE DRIVE,Queens,QUEENS,Q,25,40.781813,-73.772861
Q229,P.S. 229 - QUEENS,67-25 51 ROAD,Queens,QUEENS,Q,24,40.734294,-73.897557
K321,P.S. 321 - BROOKLYN,180 7 AVENUE,Brooklyn,BROOKLYN,K,15,40.67146,-73.977783
M140,P.S. 140 - MANHATTAN,123 RIDGE STREET,Manhattan,MANHATTAN,M,1,40.71925,-73.983056
X515,P.S. @ 3850 REVIEW PLACE - BRONX,3850 REVIEW PLACE,Bronx,BRONX,X,10,40.885217,-73.899487
Q849,I.S. 77 - QUEENS,976 SENECA AVENUE,Queens,QUEENS,Q,24,40.699516,-73.90214
M533,HARBOR HIGH SCHOOL ATHLETIC COMPLEX - MANHATTAN,1 DIVISION ROAD,Manhattan,,M,78,,
Q133,P.S. 133 - QUEENS,248-05 86 AVENUE,Queens,QUEENS,Q,26,40.731729,-73.717859
K195,P.S. 195 - BROOKLYN,131 IRWIN STREET,Brooklyn,BROOKLYN,K,22,40.579451,-73.943819
Q739,YOUNG W. LEADERSHIP SCL ASTORIA- Q,23-15 NEWTOWN AVENUE,Queens,QUEENS,Q,30,40.771215,-73.924591
X008,P.S. 8 - BRONX,3010 BRIGGS AVENUE,Bronx,BRONX,X,10,40.872612,-73.883574
M118,P.S. 333 - MANHATTAN,154 WEST 93 STREET,Manhattan,MANHATTAN,M,3,40.791709,-73.970802
Q060,P.S. 60 - QUEENS,91-02 88 AVENUE,Queens,QUEENS,Q,27,40.692179,-73.852636
K097,P.S. 97 - BROOKLYN,1846 WEST 13 STREET,Brooklyn,BROOKLYN,K,21,40.601639,-73.985189
Q145,I.S. 145 - QUEENS,33-34 80 STREET,Queens,QUEENS,Q,30,40.754661,-73.887112
Q189,THE FLUSHING INTERNATIONAL HS - Q,144-80 BARCLAY AVENUE,Queens,QUEENS,Q,25,40.759844,-73.820548
X094,P.S. 94 - BRONX,3530 KINGS COLLEGE PLACE,Bronx,BRONX,X,10,40.880522,-73.87572
X435,FORDHAM HS FOR THE ARTS - BRONX,500 EAST FORDHAM ROAD,Bronx,BRONX,X,10,40.860043,-73.888267
Q485,GROVER CLEVELAND HS - QUEENS,21-27 HIMROD STREET,Queens,QUEENS,Q,24,40.711033,-73.908814
R046,P.S. 46 - STATEN ISLAND,41 REID AVENUE,Staten Island,STATEN IS,R,31,40.59377,-74.08058
X045,I.S. 45 - BRONX,2502 LORILLARD PLACE,Bronx,BRONX,X,10,40.858692,-73.887214
K120,P.S. 120 - BROOKLYN,18 BEAVER STREET,Brooklyn,BROOKLYN,K,14,40.700609,-73.93834
M048,P.S. 48 - MANHATTAN,4360-78 BROADWAY,Manhattan,MANHATTAN,M,6,40.853466,-73.934048
XAIN,HIGHBRIDGE ADVISORY COUNCIL - BRONX,1181 NELSON AVENUE,Bronx,BRONX,X,9,40.837232,-73.925706
M083,P.S. 83 - MANHATTAN,219 EAST 109 STREET,Manhattan,MANHATTAN,M,4,40.793194,-73.942548
K208,P.S. 208 - BROOKLYN,4801 AVENUE D,Brooklyn,BROOKLYN,K,18,40.642031,-73.931151
Q102,P.S. 102 - QUEENS,55-24 VAN HORN STREET,Queens,QUEENS,Q,24,40.733514,-73.877857
Q007,P.S. 7 - QUEENS,80-55 CORNISH AVENUE,Queens,QUEENS,Q,24,40.739115,-73.882487
K163,P.S. 748 - BROOKLYN,1664 BENSON AVENUE,Brooklyn,BROOKLYN,K,20,40.607234,-74.007199
X066,P.S. 66 - BRONX,1001 JENNINGS STREET,Bronx,BRONX,X,12,40.831165,-73.887094
X184,JILL CHAIFETZ TRANSFER HIGH SCHOOL - BRONX,778 FOREST AVENUE,Bronx,BRONX,X,7,40.819006,-73.905869
Q123,P.S. 123 - QUEENS,145-01 119 AVENUE,Queens,QUEENS,Q,27,40.678296,-73.79562
Q216,J.H.S. 216 - QUEENS,64-20 175 STREET,Queens,QUEENS,Q,26,40.737517,-73.794031
X113,SCHOOL OF DIPLOMACY,3710 BARNES AVENUE,Bronx,BRONX,X,11,40.880873,-73.860904
K199,P.S. 199 - BROOKLYN,1100 ELM AVENUE,Brooklyn,BROOKLYN,K,21,40.616632,-73.963476
Q116,P.S. 116 - QUEENS,107-25 WREN PLACE,Queens,QUEENS,Q,29,40.700606,-73.782302
M465,HS FOR HEALTH CAREER & SCIENCE - M,549 AUDUBON AVENUE,Manhattan,MANHATTAN,M,6,40.855855,-73.92712
X137,I.S. 391 - BRONX,2225 WEBSTER AVENUE,Bronx,BRONX,X,10,40.854515,-73.896703
R123,I.S./H.S. @ 45 CLEVELAND PLACE - STATEN ISLAND,45 CLEVELAND PLACE,Staten Is,STATEN IS,R,78,40.602575,-74.068696
K059,P.S. 59 - BROOKLYN,211 THROOP AVENUE,Brooklyn,BROOKLYN,K,14,40.696733,-73.943652
Q166,P.S. 166 - QUEENS,33-09 35 AVENUE,Queens,QUEENS,Q,30,40.757309,-73.926733
K430,BROOKLYN TECH HS - K,29 FT GREENE PLACE,Brooklyn,BROOKLYN,K,13,40.688834,-73.976905
R445,PORT RICHMOND HS - R,85 ST JOSEPHS AVENUE,Staten Island,STATEN IS,R,31,40.634573,-74.141818
X148,FREDERICK DOUGLASS ACADEMY III SECONDARY SCHOOL,3630 THIRD AVENUE,Bronx,BRONX,X,9,40.833511,-73.90449
M340,SIXTH AVENUE ELEMENTARY SCHOOL,590 SIXTH AVENUE,Manhattan,MANHATTAN,M,2,40.739178,-73.9955
M001,P.S. 1 - MANHATTAN,8 HENRY STREET,Manhattan,MANHATTAN,M,2,40.71276,-73.997489
X084,X811 SPED - BRONX,1434 LONGFELLOW AVENUE,Bronx,BRONX,X,12,40.830589,-73.887587
K273,P.S. 273 - BROOKLYN,923 JEROME STREET,Brooklyn,BROOKLYN,K,19,40.657922,-73.879354
K450,PROGRESS HS - K,850 GRAND STREET,Brooklyn,BROOKLYN,K,14,40.712184,-73.939722
M535,MANHATTAN BRIDGES - MANHATTAN,525 WEST 50 STREET,Manhattan,MANHATTAN,M,2,40.765234,-73.993076
K845,I.S. 443 - BROOKLYN,330 18 STREET,Brooklyn,BROOKLYN,K,15,40.660976,-73.988297
K033,K368 SPED - BROOKLYN,70 TOMPKINS AVENUE,Brooklyn,BROOKLYN,K,14,40.697152,-73.946641
K329,P.S. 329 - BROOKLYN,2929 WEST 30 STREET,Brooklyn,BROOKLYN,K,21,40.574607,-73.996292
Q447,3K CENTER @ 36-31 38 STREET - QUEENS,36-31 38TH STREET,Queens,QUEENS,Q,30,40.753292,-73.924684
K244,P.S. 244 - BROOKLYN,5404 TILDEN AVENUE,Brooklyn,BROOKLYN,K,18,40.648423,-73.925948
Q026,P.S. 26 - QUEENS,195-02 69 AVENUE,Queens,QUEENS,Q,26,40.736922,-73.77799
X600,ALFRED E. SMITH HS - X,333 EAST 151 STREET,Bronx,BRONX,X,7,40.818232,-73.919867
Q048,Q075 SPED - QUEENS,155-02 108 AVENUE,Queens,QUEENS,Q,28,40.694119,-73.797003
K171,I.S. 171 - BROOKLYN,528 RIDGEWOOD AVENUE,Brooklyn,BROOKLYN,K,19,40.68618,-73.869625
R058,P.S. 58 - STATEN ISLAND,77 MARSH AVENUE,Staten Island,STATEN IS,R,31,40.583139,-74.161862
X018,P.S. 18 - BRONX,502 MORRIS AVENUE,Bronx,BRONX,X,7,40.816406,-73.92329
K191,P.S. 191 - BROOKLYN,1600 PARK PLACE,Brooklyn,BROOKLYN,K,17,40.672005,-73.924329
Q149,P.S. 149 - QUEENS,93-11 34TH AVENUE,Queens,QUEENS,Q,30,40.754837,-73.874605
M520,BERGTRAUM HS - MANHATTAN,411 PEARL STREET,Manhattan,MANHATTAN,M,2,40.711442,-74.000851
KAYT,HOPE FAITH AND CHARITY,774 SARATOGA AVENUE,Brooklyn,BROOKLYN,K,23,40.661915,-73.915578
M125,P.S. 125 - MANHATTAN,425 WEST 123 STREET,Manhattan,MANHATTAN,M,5,40.810431,-73.955809
Q193,P.S. 193 - QUEENS,152-20 11 AVENUE,Queens,QUEENS,Q,25,40.792483,-73.809741
K235,P.S. 235 - BROOKLYN,525 LENOX ROAD,Brooklyn,BROOKLYN,K,18,40.654704,-73.941089
Q226,I.S. 226 - QUEENS,121-10 ROCKAWAY BOULEVARD,Queens,QUEENS,Q,27,40.675771,-73.816938
K314,P.S. 503 - BROOKLYN,330 59 STREET,Brooklyn,BROOKLYN,K,20,40.642121,-74.018997
Q041,P.S. 41 - QUEENS,34-06 214 LANE,Queens,QUEENS,Q,26,40.769875,-73.770692
K091,P.S. 91 - BROOKLYN,532 ALBANY AVENUE,Brooklyn,BROOKLYN,K,17,40.661886,-73.93994
K297,P.S. 297 - BROOKLYN,700 PARK AVENUE,Brooklyn,BROOKLYN,K,14,40.697781,-73.947809
K115,P.S. 115 - BROOKLYN,1500 EAST 92 STREET,Brooklyn,BROOKLYN,K,18,40.635015,-73.897262
Q072,J.H.S. 72 - QUEENS,133-25 GUY R BREWER BOULEVARD,Queens,QUEENS,Q,28,40.673769,-73.775951
M056,J.H.S. 292 - MANHATTAN,220 HENRY STREET,Manhattan,MANHATTAN,M,1,40.713684,-73.986336
Q135,P.S. 135 - QUEENS,207-11 89TH AVENUE,Queens,QUEENS,Q,29,40.720154,-73.757367
X050,FAIRMONT NEIGHBORHOOD SCHOOL,1550 VYSE AVENUE,Bronx,BRONX,X,12,40.834157,-73.887512
K043,I.S. 98 - BROOKLYN,1401 EMMONS AVENUE,Brooklyn,BROOKLYN,K,21,40.583125,-73.954037
M072,P.S. 72 - MANHATTAN,131 EAST 104 STREET,Manhattan,MANHATTAN,M,4,40.791179,-73.947776
X070,P.S. 70 - BRONX,1691 WEEKS AVENUE,Bronx,BRONX,X,9,40.844253,-73.907616
X368,M.S./H.S. 368 - BRONX,2975 TIBBETT AVENUE,Bronx,BRONX,X,10,40.879368,-73.909896
Q035,P.S. 35 - QUEENS,191-02 90TH AVENUE,Queens,QUEENS,Q,29,40.713759,-73.769439
Q161,P.S. 161 - QUEENS,101-33 124TH STREET,Queens,QUEENS,Q,28,40.690798,-73.821657
R435,NEW DORP HS - STATEN ISLAND,465 NEW DORP LANE,Staten Island,STATEN IS,R,31,40.569393,-74.107737
K153,P.S. 153 - BROOKLYN,1970 HOMECREST AVENUE,Brooklyn,BROOKLYN,K,21,40.601617,-73.959779
M155,P.S. 155 - MANHATTAN,319 EAST 117 STREET,Manhattan,MANHATTAN,M,4,40.797302,-73.936365
Q460,FLUSHING HS - QUEENS,35-01 UNION STREET,Queens,QUEENS,Q,25,40.765166,-73.82789
K415,IT TAKES A VILLAGE ACADEMY - K,5800 TILDEN AVENUE,Brooklyn,BROOKLYN,K,18,40.648657,-73.922171
K014,I.S. 14 - BROOKLYN,2424 BATCHELDER STREET,Brooklyn,BROOKLYN,K,22,40.593521,-73.937672
Q212,P.S. 212 - QUEENS,34-25 82ND STREET,Queens,QUEENS,Q,30,40.753078,-73.884906
X144,I.S. 144 - BRONX,2545 GUNTHER AVENUE,Bronx,BRONX,X,11,40.863735,-73.83607
Q465,M.S. 282 - QUEENS,8-21 BAY 25 STREET,Queens,QUEENS,Q,27,40.60201,-73.762795
R019,P.S. 19 - STATEN ISLAND,780 POST AVENUE,Staten Island,STATEN IS,R,31,40.631211,-74.127065
K258,K140 SPED - BROOKLYN,141 MACON STREET,Brooklyn,BROOKLYN,K,13,40.681572,-73.945446
K485,TELECOM. ARTS & TECH. HS - K,350 67 STREET,Brooklyn,BROOKLYN,K,20,40.637282,-74.023849
X129,I.S. 129 - BRONX,2055 MAPES AVENUE,Bronx,BRONX,X,12,40.845878,-73.886184
M660,SCHOOL OF THE FUTURE - MANHATTAN,127 EAST 22 STREET,Manhattan,MANHATTAN,M,2,40.738952,-73.985479
K137,P.S. 137 - BROOKLYN,121 SARATOGA AVENUE,Brooklyn,BROOKLYN,K,23,40.682458,-73.917088
R456,TOTTENVILLE HS - STATEN ISLAND,100 LUTEN AVENUE,Staten Island,STATEN IS,R,31,40.528092,-74.192032
K056,I.S. 351 - BROOKLYN,170 GATES AVENUE,Brooklyn,BROOKLYN,K,13,40.68505,-73.960659
K138,P.S. 138 - BROOKLYN,760 PROSPECT PLACE,Brooklyn,BROOKLYN,K,17,40.67438,-73.951443
Q262,P.S. 306 - QUEENS,95-16 89TH AVENUE,Queens,QUEENS,Q,27,40.691765,-73.849006
M192,P.S. 192 - MANHATTAN,500 WEST 138 STREET,Manhattan,MANHATTAN,M,6,40.820953,-73.951145
K303,R. CARSON SCL OF COASTAL ST-K,501 WEST AVENUE,Brooklyn,BROOKLYN,K,21,40.5825,-73.973122
M475,HS FOR HEALTH PROF & HUMAN SERV-M,345 EAST 15 STREET,Manhattan,MANHATTAN,M,2,40.732447,-73.983031
K082,I.S. @ 6315 14 AVENUE - BROOKLYN,6315 14 AVENUE,Brooklyn,BROOKLYN,K,20,40.625671,-73.998253
K356,I.S. 392 - BROOKLYN,104 SUTTER AVENUE,Brooklyn,BROOKLYN,K,23,40.665965,-73.918107
X111,P.S. 111 - BRONX,3740 BAYCHESTER AVENUE,Bronx,BRONX,X,11,40.884343,-73.840254
Q063,P.S. 63 - QUEENS,90-15 SUTTER AVENUE,Queens,QUEENS,Q,27,40.67641,-73.846773
Q087,P.S. 87 - QUEENS,79-38 67 DRIVE,Queens,QUEENS,Q,24,40.711858,-73.872558
K805,BROOKLYN INTERNATIONAL HS - K,49 FLATBUSH AVENUE EXTENSION,Brooklyn,BROOKLYN,K,13,40.697339,-73.985016
K025,P.S. 25 - BROOKLYN,787 LAFAYETTE AVENUE,Brooklyn,BROOKLYN,K,16,40.691037,-73.941342
K228,I.S. 228 - BROOKLYN,228 AVENUE S,Brooklyn,BROOKLYN,K,21,40.6013,-73.976953
K480,THE BROOKLYN SCHOOL FOR SOCIAL JUSTICE - K,400 IRVING AVENUE,Brooklyn,BROOKLYN,K,32,40.697185,-73.91117
K284,P.S. 284 - BROOKLYN,213 OSBORN STREET,Brooklyn,BROOKLYN,K,23,40.667377,-73.908214
M646,SCHOOL FOR COOPERATIVE TECHNICAL EDUCATION,321 EAST 96 STREET,Manhattan,MANHATTAN,M,4,40.783638,-73.945626
K382,H.S. @ 425-447 OVINGTON AVENUE - BROOKLYN,425-447 OVINGTON AVENUE,Brooklyn,BROOKLYN,K,78,40.633362,-74.023073
X455,HARRY S. TRUMAN HS - X,750 BAYCHESTER AVENUE,Bronx,BRONX,X,11,40.874088,-73.833904
K012,P.S. 12 - BROOKLYN,430 HOWARD AVENUE,Brooklyn,BROOKLYN,K,23,40.673073,-73.919594
M130,P.S. 130 - MANHATTAN,143 BAXTER STREET,Manhattan,MANHATTAN,M,2,40.718903,-73.998438
K106,P.S. 106 - BROOKLYN,1328 PUTNAM AVENUE,Brooklyn,BROOKLYN,K,32,40.693879,-73.913056
Q071,P.S. 71 - QUEENS,62-85 FOREST AVENUE,Queens,QUEENS,Q,24,40.711203,-73.905286
Q440,FOREST HILLS HS - QUEENS,67-01 110 STREET,Queens,QUEENS,Q,28,40.729402,-73.845637
K380,P.S. 380 - BROOKLYN,370 MARCY AVENUE,Brooklyn,BROOKLYN,K,14,40.702427,-73.952985
Q088,P.S. 88 - QUEENS,60-85 CATALPA AVENUE,Queens,QUEENS,Q,24,40.703779,-73.896374
Q263,P.S. /I.S 295 - QUEENS,222-14 JAMAICA AVENUE,Queens,QUEENS,Q,29,40.720619,-73.731997
Q109,I.S. 109 - QUEENS,213-10 92 AVENUE,Queens,QUEENS,Q,29,40.720713,-73.747001
X024,P.S. 24 - BRONX,660 WEST 236 STREET,Bronx,BRONX,X,10,40.887111,-73.913697
X650,ALC-JANE ADDAMS HS,1201 LAYFAYETTE AVENUE,Bronx,,X,8,,
K044,P.S. 44 - BROOKLYN,432 MONROE STREET,Brooklyn,BROOKLYN,K,13,40.686592,-73.940747
K218,I.S. 218 - BROOKLYN,370 FOUNTAIN AVENUE,Brooklyn,BROOKLYN,K,19,40.670724,-73.874208
X060,THE LONGWOOD ACADEMY OF DISCOVERY - X,888 REV. J.A. POLITE AVENUE,Bronx,BRONX,X,8,40.820403,-73.898912
K253,P.S. 253 - BROOKLYN,2953 BRIGHTON 6 STREET,Brooklyn,BROOKLYN,K,21,40.580115,-73.962391
M104,I.S. 104 - MANHATTAN,330 EAST 21 STREET,Manhattan,MANHATTAN,M,2,40.736094,-73.980663
Q093,I.S. 93 - QUEENS,66-56 FOREST AVENUE,Queens,QUEENS,Q,24,40.706041,-73.902584
K084,P.S. 84 - BROOKLYN,250 BERRY STREET,Brooklyn,BROOKLYN,K,14,40.714785,-73.963
Q633,EAGLE ACADEMY III - QUEENS,171-10 LINDEN BOULEVARD,Queens,QUEENS,Q,29,40.691712,-73.778923
X035,P.S. 35 - BRONX,261 EAST 163 STREET,Bronx,BRONX,X,9,40.827304,-73.91767
M040,I.S. 255 - MANHATTAN,320 EAST 20 STREET,Manhattan,MANHATTAN,M,2,40.735751,-73.981655
X167,P.S. 214 - BRONX,1970 WEST FARMS ROAD,Bronx,BRONX,X,12,40.839565,-73.880358
R034,I.S. 34 - STATEN ISLAND,528 ACADEMY AVENUE,Staten Island,STATEN IS,R,31,40.508284,-74.243428
X072,P.S. 72 - BRONX,2951 DEWEY AVENUE,Bronx,BRONX,X,8,40.822604,-73.818247
K540,JOHN DEWEY HS - BROOKLYN,50 AVENUE X,Brooklyn,BROOKLYN,K,21,40.589268,-73.981738
K327,P.S. 327 - BROOKLYN,111 BRISTOL STREET,Brooklyn,BROOKLYN,K,23,40.668475,-73.912351
X122,P.S. 310 - BRONX,260 WEST KINGSBRIDGE ROAD,Bronx,BRONX,X,10,40.872895,-73.905244
M057,P.S. 57 - MANHATTAN,176 EAST 115 STREET,Manhattan,MANHATTAN,M,4,40.797577,-73.94128
Q437,PRE-K CENTER @ 98-22 55 AVENUE - QUEENS,98-22 55 AVENUE,Queens,QUEENS,Q,24,40.739192,-73.862261
Q519,SUCCESS ACADEMY @ 158-10 101 STREET - QUEENS,158-10 101 STREET,Queens,QUEENS,Q,84,40.661542,-73.832779
Q156,P.S. 156 - QUEENS,229-02 137 AVENUE,Queens,QUEENS,Q,29,40.673069,-73.743173
K167,NEW BRIDGES,1025 EASTERN PARKWAY,Brooklyn,BROOKLYN,K,17,40.669001,-73.934635
Q124,P.S. 124 - QUEENS,129-15 150 AVENUE,Queens,QUEENS,Q,27,40.665058,-73.811701
M143,I.S. 143 - MANHATTAN,511 WEST 182 STREET,Manhattan,MANHATTAN,M,6,40.848908,-73.930948
K495,PROFESSIONAL PATHWAYS HIGH SCHOOL,3000 AVENUE X,Brooklyn,BROOKLYN,K,22,40.594124,-73.937696
K021,P.S. 21 - BROOKLYN,180 CHAUNCEY STREET,Brooklyn,BROOKLYN,K,16,40.680724,-73.926597
K202,P.S. 202 - BROOKLYN,982 HEGEMAN AVENUE,Brooklyn,BROOKLYN,K,19,40.666417,-73.876563
M190,P.S. 290 - MANHATTAN,311 EAST 82 STREET,Manhattan,MANHATTAN,M,2,40.775078,-73.953096
Q203,P.S. 203 - QUEENS,53-11 SPRINGFIELD BOULEVARD,Queens,QUEENS,Q,26,40.754201,-73.760636
K399,P.S. 399 - BROOKLYN,2707 ALBEMARLE ROAD,Brooklyn,BROOKLYN,K,17,40.648044,-73.951891
X015,P.S. 15 - BRONX,2195 ANDREWS AVENUE,Bronx,BRONX,X,10,40.85881,-73.909746
K139,P.S. 139 - BROOKLYN,330 RUGBY ROAD,Brooklyn,BROOKLYN,K,22,40.641937,-73.965523
X065,P.S. 65 - BRONX,677 EAST 141 STREET,Bronx,BRONX,X,7,40.807335,-73.912731
Q510,H.S. @ 13-20 124 STREET - QUEENS,13-20 124 STREET,Queens,QUEENS,Q,78,40.786356,-73.843876
K058,P.S. 58 - BROOKLYN,330 SMITH STREET,Brooklyn,BROOKLYN,K,15,40.680415,-73.994754
X430,M.S./H.S. 342 - BRONX,2780 RESERVOIR AVENUE,Bronx,BRONX,X,10,40.870293,-73.898309
Q017,P.S. 17 - QUEENS,28-37 29 STREET,Queens,QUEENS,Q,30,40.768985,-73.922428
K275,I.S. 518 - BROOKLYN,985 ROCKAWAY AVENUE,Brooklyn,BROOKLYN,K,23,40.656068,-73.907245
Q129,P.S. 129 - QUEENS,128-05 9TH AVENUE,Queens,QUEENS,Q,25,40.789254,-73.839836
Q040,P.S. 40 - QUEENS,109-20 UNION HALL STREET,Queens,QUEENS,Q,28,40.694125,-73.790675
K313,I.S. 527 - BROOKLYN,283 ADAMS STREET,Brooklyn,BROOKLYN,K,13,40.694682,-73.988853
K209,P.S. 209 - BROOKLYN,2609 EAST 7TH STREET,Brooklyn,BROOKLYN,K,21,40.586845,-73.96198
M090,I.S. 319 - MANHATTAN,21 JUMEL PLACE,Manhattan,MANHATTAN,M,6,40.839305,-73.936159
K017,I.S. 577 - BROOKLYN,208 NORTH 5 STREET,Brooklyn,BROOKLYN,K,14,40.715351,-73.956716
Q198,P.S. 333 - QUEENS,3-65 BEACH 56 STREET,Queens,QUEENS,Q,27,40.593967,-73.786182
K071,I.S. 71 - BROOKLYN,215 HEYWARD STREET,Brooklyn,BROOKLYN,K,14,40.703624,-73.953146
M009,P.S. 9 - MANHATTAN,100 WEST 84 STREET,Manhattan,MANHATTAN,M,3,40.785287,-73.97343
Q336,COLLEGE POINT COLLABORATIVE - QUEENS,124-06 14TH AVENUE,Queens,QUEENS,Q,25,40.785327,-73.843749
Q140,P.S. 140 - QUEENS,166-01 116 AVENUE,Queens,QUEENS,Q,28,40.686798,-73.781247
Q080,P.S. 80 - QUEENS,171-05 137 AVENUE,Queens,QUEENS,Q,28,40.67282,-73.769252
X155,P.S. 754 SPED - BRONX,470 JACKSON AVENUE,Bronx,BRONX,X,7,40.811162,-73.909804
Q049,P.S. 49 - QUEENS,63-60 80TH STREET,Queens,QUEENS,Q,24,40.719867,-73.875093
R060,P.S. 60 - STATEN ISLAND,55 MERRILL AVENUE,Staten Island,STATEN IS,R,31,40.610073,-74.162129
Q118,P.S. 118 - QUEENS,190-20 109 ROAD,Queens,QUEENS,Q,29,40.703585,-73.765838
Q595,QUEENS SATELLITE HS FOR OPPORTUNITY - Q,162-02 HILLSIDE AVENUE,Queens,QUEENS,Q,28,40.70848,-73.800065
M911,HARLEM RENAISSANCE HS - M,22 EAST 128 STREET,Manhattan,MANHATTAN,M,5,40.807987,-73.940061
X104,P.S. 199 - BRONX,1449 SHAKESPEARE AVENUE,Bronx,BRONX,X,9,40.842943,-73.920563
KBUH,CONEY ISLAND #1 HEAD START,2960 WEST 27 STREET,Brooklyn,BROOKLYN,K,21,40.573588,-73.992855
K262,P.S. 262 - BROOKLYN,500 MACON STREET,Brooklyn,BROOKLYN,K,16,40.683241,-73.930813
Q079,P.S. 79 - QUEENS,147-27 15 DRIVE,Queens,QUEENS,Q,25,40.785909,-73.818058
R030,P.S. 30 - STATEN ISLAND,200 WARDWELL AVENUE,Staten Island,STATEN IS,R,31,40.618439,-74.132645
Q137,M.S. 137 - QUEENS,109-15 98TH STREET,Queens,QUEENS,Q,27,40.6781,-73.839948
K857,K036 SPED - BROOKLYN,2045 LINDEN BOULEVARD,Brooklyn,BROOKLYN,K,19,40.660134,-73.887023
Q227,I.S. 227 - QUEENS,32-02 JUNCTION BOULEVARD,Queens,QUEENS,Q,30,40.758408,-73.874472
K162,I.S. 162 - BROOKLYN,1390 WILLOUGHBY AVENUE,Brooklyn,BROOKLYN,K,32,40.707229,-73.919805
Q181,P.S. 181 - QUEENS,148-15 230 STREET,Queens,QUEENS,Q,29,40.656126,-73.753207
Q908,P.S. 143 - QUEENS,98-07 38TH AVENUE,Queens,QUEENS,Q,24,40.750246,-73.867825
M185,P.S. 185 - MANHATTAN,20 WEST 112 STREET,Manhattan,MANHATTAN,M,3,40.798511,-73.949251
K668,PRE-K CENTER @ 412 63 STREET - BROOKLYN,412 63 STREET,Brooklyn,BROOKLYN,K,20,40.638773,-74.019612
K198,P.S. 198 - BROOKLYN,4105 FARRAGUT ROAD,Brooklyn,BROOKLYN,K,22,40.63694,-73.937339
M137,P.S. 184 - MANHATTAN,327 CHERRY STREET,Manhattan,MANHATTAN,M,1,40.711549,-73.986542
X521,I.S. @ 2169 BLACKROCK AVENUE - BRONX,2169 BLACKROCK AVENUE,Bronx,BRONX,X,84,40.828912,-73.851484
M079,M079 SPED - MANHATTAN,55 EAST 120 STREET,Manhattan,MANHATTAN,M,5,40.802419,-73.942634
K178,P.S. 178 - BROOKLYN,2163 DEAN STREET,Brooklyn,BROOKLYN,K,23,40.675024,-73.915778
Q150,P.S. 150 - QUEENS,40-01 43 AVENUE,Queens,QUEENS,Q,30,40.745537,-73.923776
K148,K373 SPED - BROOKLYN,185 ELLERY STREET,Brooklyn,BROOKLYN,K,14,40.698869,-73.945042
X131,SOUNDVIEW ACADEMY FOR CULTURE AND SCHOLARSHIP - X,885 BOLTON AVENUE,Bronx,BRONX,X,8,40.82346,-73.859647
Q173,P.S. 173 - QUEENS,174-10 67TH AVENUE,Queens,QUEENS,Q,26,40.734572,-73.795484
X004,P.S. 4 - BRONX,1701 FULTON AVENUE,Bronx,BRONX,X,9,40.840891,-73.898166
M460,THE HIGH SCHOOL FOR LANGUAGE AND DIPLOMACY,40 IRVING PLACE,Manhattan,MANHATTAN,M,2,40.735494,-73.987659
Q055,P.S. 55 - QUEENS,131-10 97 AVENUE,Queens,QUEENS,Q,28,40.694004,-73.816617
X117,I.S. 117 - BRONX,1865 MORRIS AVENUE,Bronx,BRONX,X,9,40.848547,-73.908416
K095,P.S. 95 - BROOKLYN,345 VAN SICKLEN STREET,Brooklyn,BROOKLYN,K,21,40.595698,-73.97518
M008,P.S. 8 - MANHATTAN,465 W 167 STREET,Manhattan,MANHATTAN,M,6,40.838954,-73.936838
Q020,P.S. 20 - QUEENS,142-30 BARCLAY AVENUE,Queens,QUEENS,Q,25,40.758689,-73.824832
K320,P.S. 375 - BROOKLYN,46 MCKEEVER PLACE,Brooklyn,BROOKLYN,K,17,40.665021,-73.959034
X149,I.S. 221 - BRONX,360 EAST 145 STREET,Bronx,BRONX,X,7,40.813785,-73.92032
Q042,P.S. 42 - QUEENS,488 BEACH 66 STREET,Queens,QUEENS,Q,27,40.594538,-73.795304
K119,P.S. 119 - BROOKLYN,3829 AVENUE K,Brooklyn,BROOKLYN,K,22,40.625662,-73.938265
M044,P.S. 334 - MANHATTAN,100 WEST 77 STREET,Manhattan,MANHATTAN,M,3,40.780822,-73.976855
X981,P.S. 83 - BRONX,1840 BOGART AVENUE,Bronx,BRONX,X,11,40.848222,-73.858554
R052,P.S. 52 - STATEN ISLAND,450 BUEL AVENUE,Staten Island,STATEN IS,R,31,40.582744,-74.088509
K204,P.S. 204 - BROOKLYN,8101 15 AVENUE,Brooklyn,BROOKLYN,K,20,40.614159,-74.006638
Q095,P.S. 95 - QUEENS,179-01 90 AVENUE,Queens,QUEENS,Q,29,40.710624,-73.783423
Q410,CHANNEL VIEW SCL FOR RESEARCH - Q,100-00 BEACH CHANNEL DRIVE,Queens,QUEENS,Q,27,40.586066,-73.822624
X183,THE URBAN ASSEMBLY BRONX ACADEMY OF LETTERS,339 MORRIS AVENUE,Bronx,BRONX,X,7,40.813641,-73.925313
Q455,NEWTOWN HS - QUEENS,48-01 90 STREET,Queens,QUEENS,Q,24,40.741122,-73.874721
Q029,P.S. 29 - QUEENS,125-10 23 AVENUE,Queens,QUEENS,Q,25,40.778601,-73.843187
Q222,P.S. 222 - QUEENS,86-15 37TH AVENUE,Queens,QUEENS,Q,30,40.750172,-73.880363
Q086,P.S. 86 - QUEENS,87-41 PARSONS BOULEVARD,Queens,QUEENS,Q,28,40.708898,-73.803938
Q043,P.S. 43 - QUEENS,160 BEACH 29TH STREET,Queens,QUEENS,Q,27,40.593834,-73.76174
Q147,P.S. 147 - QUEENS,218-01 116 AVENUE,Queens,QUEENS,Q,29,40.697309,-73.740948
Q450,NEWCOMERS HIGH SCHOOL - Q,28-01 41ST AVENUE,Queens,QUEENS,Q,30,40.751356,-73.937445
Q113,P.S. 113 - QUEENS,78-23 87TH STREET,Queens,QUEENS,Q,24,40.705516,-73.862208
K236,P.S. 236 - BROOKLYN,6302 AVENUE U,Brooklyn,BROOKLYN,K,22,40.615998,-73.912989
Q505,HILLCREST HS - QUEENS,160-05 HIGHLAND AVENUE,Queens,QUEENS,Q,28,40.709079,-73.801856
K069,P.S. 69 - BROOKLYN,6302 9 AVENUE,Brooklyn,BROOKLYN,K,20,40.632379,-74.009223
Q190,J.H.S. 190 - QUEENS,68-17 AUSTIN STREET,Queens,QUEENS,Q,28,40.722707,-73.851699
X093,P.S. 93 - BRONX,1535 STORY AVENUE,Bronx,BRONX,X,8,40.821776,-73.876918
M149,M811 SPED - MANHATTAN,34 WEST 118 STREET,Manhattan,MANHATTAN,M,3,40.802512,-73.94681
Q073,I.S. 73 - QUEENS,70-02 54 AVENUE,Queens,QUEENS,Q,24,40.729215,-73.893624
R024,I.S. 24 - STATEN ISLAND,750 DURANT AVENUE,Staten Island,STATEN IS,R,31,40.546081,-74.14584
Q238,I.S. 238 - QUEENS,88-15 182 STREET,Queens,QUEENS,Q,29,40.713094,-73.780468
Q002,P.S. 2 - QUEENS,21-15 75TH STREET,Queens,QUEENS,Q,30,40.769855,-73.894585
K184,P.S. 184 - BROOKLYN,273 NEWPORT STREET,Brooklyn,BROOKLYN,K,23,40.659966,-73.904901
X415,BRONXDALE HIGH SCHOOL - BRONX,925 ASTOR AVENUE,Bronx,BRONX,X,11,40.859665,-73.861006
Q811,Q811 SPED - QUEENS,61-25 MARATHON PARKWAY,Queens,QUEENS,Q,26,40.756778,-73.729487
M514,3K CENTER @ 1972 BROADWAY - MANHATTAN,1972 BROADWAY,Manhattan,MANHATTAN,M,3,40.774373,-73.9822
K128,P.S. 128 - BROOKLYN,2075 84 STREET,Brooklyn,BROOKLYN,K,21,40.604871,-73.995545
Q593,P.S. @ 140 BEACH 112 STREET - QUEENS,140 BEACH 112 STREET,Queens,QUEENS,Q,27,40.57978,-73.833131
R600,RALPH R. MCKEE CAREER AND TECHNICAL EDUCATION HS -,101 BELMONT PLACE,Staten Island,STATEN IS,R,31,40.642573,-74.079591
Q164,P.S. 164 - QUEENS,138-01 77 AVENUE,Queens,QUEENS,Q,25,40.720924,-73.823362
K024,P.S. 24 - BROOKLYN,427 38 STREET,Brooklyn,BROOKLYN,K,15,40.652701,-74.004743
K127,P.S. 127 - BROOKLYN,922 78 STREET,Brooklyn,BROOKLYN,K,20,40.623762,-74.017799
K292,I.S. 292 - BROOKLYN,301 VERMONT STREET,Brooklyn,BROOKLYN,K,19,40.671987,-73.893896
K090,P.S. 90 - BROOKLYN,2840 WEST 12 STREET,Brooklyn,BROOKLYN,K,21,40.578255,-73.979628
K134,MEDGAR EVERS COLLEGE PREP SCHOOL ANNEX - BROOKLYN,275 CROWN STREET,Brooklyn,BROOKLYN,K,78,40.666313,-73.951164
Q209,P.S. 209 - QUEENS,16-10 UTOPIA PARKWAY,Queens,QUEENS,Q,25,40.783608,-73.794654
M088,WADLEIGH SECONDARY SCHOOL FOR THE PERFORMING & VIS,215 WEST 114 STREET,Manhattan,MANHATTAN,M,3,40.802207,-73.954142
X049,P.S. 49 - BRONX,383 EAST 139 STREET,Bronx,BRONX,X,7,40.810085,-73.923102
K224,P.S. 224 - BROOKLYN,757 WORTMAN AVENUE,Brooklyn,BROOKLYN,K,19,40.664075,-73.866092
K804,COBBLE HILL SCHOOL OF AMERICAN STUDIES,347 BALTIC STREET,Brooklyn,BROOKLYN,K,15,40.684524,-73.990993
X456,HARRY S. TRUMAN HS - X,750 BAYCHESTER AVENUE,Bronx,BRONX,X,11,40.874088,-73.833904
Q101,P.S. 101 - QUEENS,2 RUSSELL PLACE,Queens,QUEENS,Q,28,40.715585,-73.843898
Q244,P.S. 244 - QUEENS,137-20 FRANKLIN AVENUE,Queens,QUEENS,Q,25,40.754654,-73.826759
R119,R025 SPED - STATEN ISLAND,30 WELLBROOK AVENUE,Staten Island,STATEN IS,R,31,40.604824,-74.130782
M164,I.S. 328 - MANHATTAN,401 WEST 164 STREET,Manhattan,MANHATTAN,M,6,40.836506,-73.93709
Q430,FRANCIS LEWIS HS - QUEENS,58-20 UTOPIA PARKWAY,Queens,QUEENS,Q,26,40.740724,-73.79283
Q089,P.S. 89 - QUEENS,85-28 BRITTON AVENUE,Queens,QUEENS,Q,24,40.745923,-73.880205
R455,TOTTENVILLE HS - STATEN ISLAND,100 LUTEN AVENUE,Staten Island,STATEN IS,R,31,40.528092,-74.192032
X027,P.S. 277 - BRONX,519 ST ANNS AVENUE,Bronx,BRONX,X,7,40.813517,-73.913402
Q143,P.S. 143 - QUEENS,34-55 112 STREET,Queens,QUEENS,Q,24,40.755535,-73.856362
Q273,P.S. 273 - QUEENS,88-07 102ND STREET,Queens,QUEENS,Q,27,40.693606,-73.844631
Q722,Q721 SPED - QUEENS,57-12 94TH STREET,Queens,QUEENS,Q,24,40.736003,-73.867478
X153,P.S. 153 - BRONX,650 BAYCHESTER AVENUE,Bronx,BRONX,X,11,40.872608,-73.833727
X655,"HERO HIGH (HEALTH, EDUCATION, AND RESEARCH OCCUPAT",455 SOUTHERN BOULEVARD,Bronx,BRONX,X,7,40.810803,-73.907015
X400,BRONX INTERNATIONAL - BRONX,1110 BOSTON ROAD,Bronx,BRONX,X,9,40.827642,-73.904473
K505,FRANKLIN D. ROOSEVELT HS - K,5800 20 AVENUE,Brooklyn,BROOKLYN,K,20,40.620446,-73.981795
M197,P.S. 197 - MANHATTAN,2230 5TH AVENUE,Manhattan,MANHATTAN,M,5,40.813184,-73.937322
R044,P.S. 44 - STATEN ISLAND,80 MAPLE PARKWAY,Staten Island,STATEN IS,R,31,40.63179,-74.156439
M477,STUYVESANT HS - MANHATTAN,345 CHAMBERS STREET,Manhattan,MANHATTAN,M,2,40.7177,-74.01399
X071,P.S. 71 - BRONX,3040 ROBERTS AVENUE,Bronx,BRONX,X,8,40.845787,-73.829829
K172,P.S. 172 - BROOKLYN,825 4 AVENUE,Brooklyn,BROOKLYN,K,15,40.657914,-74.000652
Q508,P.S. @ 23-10 43 AVENUE - QUEENS,23-10 43 AVENUE,Queens,QUEENS,Q,30,40.749586,-73.943546
Q511,JOHN BOWNE HS ANNEX - QUEENS,146-50 REEVES AVENUE,Queens,QUEENS,Q,78,40.739504,-73.823258
K154,P.S. 154 - BROOKLYN,1625 11 AVENUE,Brooklyn,BROOKLYN,K,15,40.657472,-73.97618
K346,P.S. 346 - BROOKLYN,1400 PENNSYLVANIA AVENUE,Brooklyn,BROOKLYN,K,19,40.64726,-73.881114
R122,P.S. 13 ANNEX - STATEN ISLAND,1 VIRGINIA AVENUE,Staten Is,STATEN IS,R,31,40.615517,-74.06755
X115,M.S. 363 - BRONX,120 EAST 184 STREET,Bronx,BRONX,X,10,40.859752,-73.900161
R032,P.S. 32 - STATEN ISLAND,232 BARLOW AVENUE,Staten Island,STATEN IS,R,31,40.558966,-74.155517
K015,P.S. 15 - BROOKLYN,71 SULLIVAN STREET,Brooklyn,BROOKLYN,K,15,40.677343,-74.011558
Q134,P.S. 134 - QUEENS,203-02 109TH AVENUE,Queens,QUEENS,Q,29,40.70799,-73.755269
K193,P.S. 193 - BROOKLYN,2515 AVENUE L,Brooklyn,BROOKLYN,K,22,40.621507,-73.950473
K490,FORT HAMILTON HS - K,8301 SHORE ROAD,Brooklyn,BROOKLYN,K,20,40.627898,-74.039985
Q138,P.S. 138 - QUEENS,251-11 WELLER AVENUE,Queens,QUEENS,Q,29,40.659728,-73.735176
K155,P.S. 155 - BROOKLYN,1355 HERKIMER STREET,Brooklyn,BROOKLYN,K,23,40.677415,-73.908734
R013,P.S. 13 - STATEN ISLAND,191 VERMONT AVENUE,Staten Island,STATEN IS,R,31,40.613216,-74.069889
X067,P.S. 67 - BRONX,2024 MOHEGAN AVENUE,Bronx,BRONX,X,12,40.843945,-73.884788
X206,I.S. 206B - BRONX,2280 AQUEDUCT AVENUE,Bronx,BRONX,X,10,40.859686,-73.906495
K188,P.S. 188 - BROOKLYN,3314 NEPTUNE AVENUE,Brooklyn,BROOKLYN,K,21,40.577217,-74.000194
K201,I.S. 201 - BROOKLYN,8010 12 AVENUE,Brooklyn,BROOKLYN,K,20,40.618676,-74.012722
M176,P.S. 311 - MANHATTAN,4862 BROADWAY,Manhattan,MANHATTAN,M,6,40.866706,-73.923948
R011,P.S. 11 - STATEN ISLAND,85  GARRETSON AVENUE,Staten Island,STATEN IS,R,31,40.590632,-74.098529
R113,3K CENTER @ 841 FATHER CAPODANNO BOULEVARD - STATEN ISLAND,841 FATHER CAPODANNO BOULEVARD,Staten Is,STATEN IS,R,31,40.575493,-74.08351
X105,P.S. 105 - BRONX,2080 CRUGER AVENUE,Bronx,BRONX,X,11,40.852771,-73.866735
R450,CURTIS HS - STATEN ISLAND,105 HAMILTON AVENUE,Staten Island,STATEN IS,R,31,40.644735,-74.081222
X142,BRONX ALLIANCE MIDDLE SCHOOL,3750 BAYCHESTER AVENUE,Bronx,BRONX,X,11,40.884953,-73.840524
X073,P.S. 73 - BRONX,1020 ANDERSON AVENUE,Bronx,BRONX,X,9,40.832706,-73.926838
Q136,P.S. 136 - QUEENS,201-15 115 AVENUE,Queens,QUEENS,Q,29,40.698279,-73.752654
Q610,AVIATION HS - QUEENS,45-30 36 STREET,Queens,QUEENS,Q,24,40.743509,-73.929076
K460,SECONDARY SCHOOL FOR LAW - K,237 7 AVENUE,Brooklyn,BROOKLYN,K,15,40.669629,-73.979287
K222,P.S. 222 - BROOKLYN,3301 QUENTIN ROAD,Brooklyn,BROOKLYN,K,22,40.613317,-73.938871
Q108,P.S. 108 - QUEENS,108-10 109 AVENUE,Queens,QUEENS,Q,27,40.679584,-73.831547
K324,I.S. 267 - BROOKLYN,800 GATES AVENUE,Brooklyn,BROOKLYN,K,16,40.68832,-73.932275
Q434,FRANCIS LEWIS HS ANNEX - QUEENS,174-25 59TH AVENUE,Queens,QUEENS,Q,78,40.7405,-73.796851
M218,I.S. 293 - MANHATTAN,4600 BROADWAY,Manhattan,MANHATTAN,M,6,40.860806,-73.930661
Q220,P.S. 220 - QUEENS,62-10 108 STREET,Queens,QUEENS,Q,28,40.736524,-73.851455
K022,P.S. 705 - BROOKLYN,443 ST MARKS AVENUE,Brooklyn,BROOKLYN,K,17,40.676774,-73.960058
M502,P.S./I.S. @ 3761 10 AVENUE - MANHATTAN,3761 10 AVENUE,Manhattan,MANHATTAN,M,6,40.860962,-73.921475
M521,BERGTRAUM HS - MANHATTAN,171 CHERRY STREET,Manhattan,MANHATTAN,M,2,40.710608,-73.993771
M131,I.S. 131 - MANHATTAN,100 HESTER STREET,Manhattan,MANHATTAN,M,2,40.716553,-73.993092
K001,P.S. 1 - BROOKLYN,309 47 STREET,Brooklyn,BROOKLYN,K,15,40.649042,-74.012289
K834,K372 SPED - BROOKLYN,512 CARROLL STREET,Brooklyn,BROOKLYN,K,15,40.676668,-73.985258
Q174,P.S. 174 - QUEENS,65-30 DIETERLE CRESCENT,Queens,QUEENS,Q,28,40.720874,-73.860978
X012,X012 SPED - BRONX,2555 TRATMAN AVENUE,Bronx,BRONX,X,11,40.840145,-73.844419
K152,P.S. 315 - BROOKLYN,725 EAST 23 STREET,Brooklyn,BROOKLYN,K,22,40.632562,-73.954724
Q620,THOMAS A. EDISON HS - Q,165-65 84 AVENUE,Queens,QUEENS,Q,28,40.715389,-73.800369
Q053,I.S. 53 - QUEENS,10-45 NAMEOKE STREET,Queens,QUEENS,Q,27,40.603622,-73.749097
X496,THE ARTHUR A. SCHOMBURG EDUCATIONAL CAMPUS - BRONX,330 EAST 180TH STREET,Bronx,BRONX,X,9,40.852167,-73.899074
Q014,P.S. 14 - QUEENS,107-01 OTIS AVENUE,Queens,QUEENS,Q,24,40.74056,-73.854131
K291,I.S. 291 - BROOKLYN,231 PALMETTO STREET,Brooklyn,BROOKLYN,K,32,40.695362,-73.915142
Q486,CURIOUS YOUNG LEARNERS PRE-K CENTER,160-06 CROSS BAY BOULEVARD,Queens,QUEENS,Q,27,40.657176,-73.839392
Q098,P.S. 98 - QUEENS,40-20 235 STREET,Queens,QUEENS,Q,26,40.769271,-73.749369
K045,P.S. 45 - BROOKLYN,84 SCHAEFER STREET,Brooklyn,BROOKLYN,K,32,40.686746,-73.910693
K164,P.S. 164 - BROOKLYN,4211 14 AVENUE,Brooklyn,BROOKLYN,K,20,40.637486,-73.985955
Q420,EXCELSIOR PREP HIGH SCHOOL - Q,143-10 SPRINGFIELD BOULEVARD,Queens,QUEENS,Q,29,40.668235,-73.756839
R082,THE EAGLE ACADEMY FOR YOUNG MEN OF STATEN ISLAND -,104 GORDON STREET,Staten Island,STATEN IS,R,31,40.624263,-74.082667
Q162,P.S. 162 - QUEENS,201-02 53 AVENUE,Queens,QUEENS,Q,26,40.749036,-73.777213
K197,P.S. 197 - BROOKLYN,1599 EAST 22 STREET,Brooklyn,BROOKLYN,K,22,40.612623,-73.951906
X182,P.S. 182 - BRONX,601 STICKBALL BOULEVARD,Bronx,BRONX,X,8,40.818228,-73.856302
M189,P.S. 189 - MANHATTAN,2580 AMSTERDAM AVENUE,Manhattan,MANHATTAN,M,6,40.852631,-73.927604
K183,P.S. 446 - BROOKLYN,76 RIVERDALE AVENUE,Brooklyn,BROOKLYN,K,23,40.660204,-73.913933
X079,I.S. 447 - BRONX,125 EAST 181 STREET,Bronx,BRONX,X,10,40.854872,-73.903458
K101,P.S. 101 - BROOKLYN,8696 24 AVENUE,Brooklyn,BROOKLYN,K,21,40.597133,-73.991614
K252,MIDDLE SCHOOL FOR ART & PHILOS - K,1084 LENOX ROAD,Brooklyn,BROOKLYN,K,18,40.658295,-73.920109
K395,P.S. 109 - BROOKLYN,1001 EAST 45 STREET,Brooklyn,BROOKLYN,K,22,40.636455,-73.933582
X007,P.S. 7 - BRONX,3201 KINGSBRIDGE AVENUE,Bronx,BRONX,X,10,40.881066,-73.905366
M446,UNIVERSITY NEIGHBORHOOD HS - M,200 MONROE STREET,Manhattan,MANHATTAN,M,1,40.712399,-73.984497
K039,P.S. 39 - BROOKLYN,417 6 AVENUE,Brooklyn,BROOKLYN,K,15,40.668916,-73.983195
R022,P.S. 22 - STATEN ISLAND,1860 FOREST AVENUE,Staten Island,STATEN IS,R,31,40.625369,-74.15097
M126,P.S. 126 - MANHATTAN,80 CATHERINE STREET,Manhattan,MANHATTAN,M,2,40.710729,-73.996631
K278,I.S. 278 - BROOKLYN,1925 STUART STREET,Brooklyn,BROOKLYN,K,22,40.60665,-73.939176
K031,P.S. 31 - BROOKLYN,75 MESEROLE AVENUE,Brooklyn,BROOKLYN,K,14,40.726587,-73.95427
Q130,P.S. 130 - QUEENS,200-01 42 AVENUE,Queens,QUEENS,Q,26,40.759517,-73.784029
K304,BRIGHTER CHOICE COMMUN SCHL - K,280 HART STREET,Brooklyn,BROOKLYN,K,16,40.694086,-73.940744
R023,P.S. 23 - STATEN ISLAND,30 NATICK STREET,Staten Island,STATEN IS,R,31,40.571187,-74.132634
K860,P.S. 219 - BROOKLYN,9517 KINGS HIGHWAY,Brooklyn,BROOKLYN,K,18,40.65911,-73.920368
X147,I.S. 339 - BRONX,1600 WEBSTER AVENUE,Bronx,BRONX,X,9,40.840845,-73.904772
Q578,P.S. @ 120-08 JAMAICA AVENUE - QUEENS,120-08 JAMAICA AVENUE,Queens,QUEENS,Q,27,40.700285,-73.829537
M480,P.S. 225 - MANHATTAN,317 EAST 67 STREET,Manhattan,MANHATTAN,M,2,40.765359,-73.960059
K072,EAST NEW YORK ELEMENTARY SCHOOL OF EXCELLENCE  -K,605 SHEPHERD AVENUE,Brooklyn,BROOKLYN,K,19,40.669387,-73.879614
Q183,P.S. 183 - QUEENS,2-45 BEACH 79 STREET,Queens,QUEENS,Q,27,40.589508,-73.805361
K650,WIILIAMSBURG PREP- BROOKLYN,257 N 6 STREET,Brooklyn,BROOKLYN,K,14,40.715073,-73.954754
K384,P.S. 384 - BROOKLYN,242 COOPER STREET,Brooklyn,BROOKLYN,K,32,40.690353,-73.904803
K231,K721 SPED - BROOKLYN,360 36 STREET,Brooklyn,BROOKLYN,K,15,40.654796,-74.005244
Q158,J.H.S. 158 - QUEENS,46-35 OCEANIA STREET,Queens,QUEENS,Q,26,40.756139,-73.772862
X123,I.S. 123 - BRONX,1025 MORRISON AVENUE,Bronx,BRONX,X,8,40.825403,-73.873666
X156,"LEADERS OF EXCELLENCE, ADVOCACY AND DISCOVER",750 CONCOURSE VILLAGE WEST,Bronx,BRONX,X,7,40.823174,-73.923326
Q030,P.S. 354 - QUEENS,126-10 BEDELL STREET,Queens,QUEENS,Q,28,40.68031,-73.774432
X062,P.S. 62 - BRONX,660 FOX STREET,Bronx,BRONX,X,8,40.814031,-73.900609
M134,P.S. 134 - MANHATTAN,293 EAST BROADWAY,Manhattan,MANHATTAN,M,1,40.71457,-73.983724
Q051,P.S. 51 - QUEENS,87-45 117TH STREET,Queens,QUEENS,Q,27,40.699015,-73.832356
R061,I.S. 61 - STATEN ISLAND,445 CASTLETON AVENUE,Staten Island,STATEN IS,R,31,40.634009,-74.097826
M052,J.H.S. 52 - MANHATTAN,650 ACADEMY STREET,Manhattan,MANHATTAN,M,6,40.866053,-73.924835
X118,I.S. 118 - BRONX,577 EAST 179 STREET,Bronx,BRONX,X,10,40.848339,-73.89308
M107,THE HERITAGE SCHOOL - MANHATTAN,1680 LEXINGTON AVENUE,Manhattan,MANHATTAN,M,4,40.791881,-73.946558
K086,P.S. 86 - BROOKLYN,220 IRVING AVENUE,Brooklyn,BROOKLYN,K,32,40.700774,-73.91748
Q172,J.H.S. 172 - QUEENS,81-14 257 STREET,Queens,QUEENS,Q,26,40.741944,-73.712965
KBOR,SAINT JOHN'S DAY CARE CENTER,813 STERLING PLACE,Brooklyn,BROOKLYN,K,17,40.672613,-73.95161
Q151,P.S. 151 - QUEENS,50-05 31 AVENUE,Queens,QUEENS,Q,30,40.757499,-73.908898
K147,P.S. 147 - BROOKLYN,325 BUSHWICK AVENUE,Brooklyn,BROOKLYN,K,14,40.705204,-73.939407
X036,P.S. 36 - BRONX,1070 CASTLE HILL AVENUE,Bronx,BRONX,X,8,40.829344,-73.850428
K239,I.S. 239 - BROOKLYN,2401 NEPTUNE AVENUE,Brooklyn,BROOKLYN,K,21,40.578188,-73.99203
R004,P.S. 4 - STATEN ISLAND,200 NEDRA LANE,Staten Island,STATEN IS,R,31,40.552975,-74.194597
K057,WHITELAW REID ACADEMY OF ARTS AND BUSINESS - BROOK,125 STUYVESANT AVENUE,Brooklyn,BROOKLYN,K,16,40.691274,-73.933697
Q038,P.S. 38 - QUEENS,135-21 241 STREET,Queens,QUEENS,Q,29,40.671561,-73.734043
K018,P.S. 18 - BROOKLYN,101 MAUJER STREET,Brooklyn,BROOKLYN,K,14,40.710609,-73.946977
K302,LIBERTY AVENUE MIDDLE SCHOOL,350 LINWOOD STREET,Brooklyn,BROOKLYN,K,19,40.677104,-73.883433
K312,P.S. 312 - BROOKLYN,7103 AVENUE T,Brooklyn,BROOKLYN,K,22,40.621413,-73.908987
Q200,P.S. 200 - QUEENS,70-10 164 STREET,Queens,QUEENS,Q,25,40.731369,-73.805116
X426,HS OF COMPUTERS & TECHNOLOGY - X,774 EAST GUN HILL ROAD,Bronx,BRONX,X,11,40.876341,-73.863195
R440,STATEN ISLAND TECHNICAL HS - R,485 CLAWSON STREET,Staten Island,STATEN IS,R,31,40.567873,-74.115373
Q405,BAYSIDE HIGH SCHOOL - QUEENS,32-24 CORPORAL KENNEDY STREET,Queens,QUEENS,Q,26,40.771755,-73.780296
K210,I.S. 394 - BROOKLYN,188 ROCHESTER AVENUE,Brooklyn,BROOKLYN,K,17,40.672762,-73.927973
M019,P.S. 19 - MANHATTAN,185 1 AVENUE,Manhattan,MANHATTAN,M,1,40.729636,-73.983818
Q008,J.H.S. 8 - QUEENS,108-35 167 STREET,Queens,QUEENS,Q,28,40.69719,-73.787192
X886,GIRLS PREPARATORY CHARTER SCHOOL OF THE BRONX II,124 EAMES PLACE,Bronx,BRONX,X,10,40.869296,-73.901525
K131,P.S. 131 - BROOKLYN,4305 FORT HAMILTON PARKWAY,Brooklyn,BROOKLYN,K,15,40.641157,-73.993482
R436,NEW DORP HS - STATEN ISLAND,465 NEW DORP LANE,Staten Island,STATEN IS,R,31,40.569393,-74.107737
X074,I.S. 424 - BRONX,730 BRYANT AVENUE,Bronx,BRONX,X,8,40.815455,-73.88577
Q215,P.S. 362 - QUEENS,535 BRIAR PLACE,Queens,QUEENS,Q,27,40.5993,-73.758206
K411,ABRAHAM LINCOLN HS - BROOKLYN,2800 OCEAN PARKWAY,Brooklyn,BROOKLYN,K,21,40.581681,-73.967308
M871,NEW YORK HARBOR SCHOOL - MANHATTAN,134 CARDER ROAD,Manhattan,MANHATTAN,M,2,40.692055,-74.01358
K261,P.S. 261 - BROOKLYN,314 PACIFIC STREET,Brooklyn,BROOKLYN,K,15,40.687466,-73.988288
Q169,I.S. 294 - QUEENS,18-25 212 STREET,Queens,QUEENS,Q,25,40.782248,-73.779063
M152,P.S. 152 - MANHATTAN,93 NAGLE AVENUE,Manhattan,MANHATTAN,M,6,40.860412,-73.927936
K660,WILLIAM MAXWELL VOC HS - K,145 PENNSYLVANIA AVENUE,Brooklyn,BROOKLYN,K,19,40.674135,-73.89643
Q125,I.S. 125 - QUEENS,46-02 47 AVENUE,Queens,QUEENS,Q,24,40.741131,-73.918945
K515,BROOKLYN COMMUNITY HIGH SCHOOL FOR EXCELLENCE AND,6565 FLATLANDS AVENUE,Brooklyn,BROOKLYN,K,18,40.633285,-73.916735
K263,P.S./I.S. 323 - BROOKLYN,210 CHESTER STREET,Brooklyn,BROOKLYN,K,23,40.666545,-73.910904
K206,P.S. 206 - BROOKLYN,2200 GRAVESEND NECK ROAD,Brooklyn,BROOKLYN,K,22,40.597369,-73.948946
X112,P.S. 112 - BRONX,1925 SCHIEFFELIN AVENUE,Bronx,BRONX,X,11,40.885008,-73.843193
Q062,P.S. 62 - QUEENS,97-25 108 STREET,Queens,QUEENS,Q,27,40.688577,-73.836162
M488,P.S. 59 - MANHATTAN,231-249 EAST 56 STREET,Manhattan,MANHATTAN,M,2,40.759249,-73.967221
K038,P.S. 38 - BROOKLYN,450 PACIFIC STREET,Brooklyn,BROOKLYN,K,15,40.685264,-73.982639
Q234,P.S. 234 - QUEENS,30-15 29TH STREET,Queens,QUEENS,Q,30,40.767305,-73.923246
X460,"BRONX SCHOOL FOR LAW, GOVERNMENT AND JUSTICE",244 EAST 163 STREET,Bronx,BRONX,X,9,40.827607,-73.918681
Q512,P.S. @ 137-23 45 AVENUE - QUEENS,137-23 45 AVENUE,Queens,QUEENS,Q,25,40.751198,-73.822473
Q247,P.S. 128 - QUEENS,69-10 65TH DRIVE,Queens,QUEENS,Q,24,40.715344,-73.886215
Q022,P.S. 22 - QUEENS,153-33 SANFORD AVENUE,Queens,QUEENS,Q,25,40.761249,-73.811808
Q431,FRANCIS LEWIS HS - QUEENS,58-20 UTOPIA PARKWAY,Queens,QUEENS,Q,26,40.740724,-73.79283
M470,INNOVATION DIPLOMA PLUS,145 WEST 84 STREET,Manhattan,MANHATTAN,M,3,40.785803,-73.974614
Q146,P.S. 146 - QUEENS,98-01 159 AVENUE,Queens,QUEENS,Q,27,40.659873,-73.835068
K169,P.S. 169 - BROOKLYN,4305 7 AVENUE,Brooklyn,BROOKLYN,K,15,40.64629,-74.001903
Q292,P.S. 92 - QUEENS,99-01 34TH AVENUE,Queens,QUEENS,Q,30,40.755418,-73.869017
K234,I.S. 234 - BROOKLYN,1875 EAST 17 STREET,Brooklyn,BROOKLYN,K,22,40.60422,-73.955485
K100,P.S. 100 - BROOKLYN,2951 WEST 3 STREET,Brooklyn,BROOKLYN,K,21,40.57732,-73.971313
R043,G MCCOWN EXPEDITIONARY LRNG SCL- R,100 ESSEX DRIVE,Staten Island,STATEN IS,R,31,40.581315,-74.158589
Q184,P.S. 184 - QUEENS,163-15 21 ROAD,Queens,QUEENS,Q,25,40.778095,-73.800163
M047,J.H.S. 47 (SCH FOR THE DEAF) - M,223 EAST 23 STREET,Manhattan,MANHATTAN,M,2,40.738548,-73.982455
K116,P.S. 116 - BROOKLYN,515 KNICKERBOCKER AVENUE,Brooklyn,BROOKLYN,K,32,40.697779,-73.916521
M075,P.S. 75 - MANHATTAN,735 WEST END AVENUE,Manhattan,MANHATTAN,M,3,40.795157,-73.973292
R055,P.S. 55 - STATEN ISLAND,54 OSBORNE STREET,Staten Island,STATEN IS,R,31,40.536639,-74.163815
Q005,I.S. 5 - QUEENS,50-40 JACOBUS STREET,Queens,QUEENS,Q,24,40.737918,-73.887407
X086,P.S. 86 - BRONX,2756 RESERVOIR AVENUE,Bronx,BRONX,X,10,40.869835,-73.89874
K205,P.S. 205 - BROOKLYN,6701 20 AVENUE,Brooklyn,BROOKLYN,K,20,40.61527,-73.987149
X138,P.S. 138 - BRONX,2060 LAFAYETTE AVENUE,Bronx,BRONX,X,8,40.822665,-73.853366
Q085,P.S. 85 - QUEENS,23-70 31 STREET,Queens,QUEENS,Q,30,40.772932,-73.914625
Q122,P.S. 122 - QUEENS,21-21 DITMARS BOULEVARD,Queens,QUEENS,Q,30,40.780347,-73.916655
X114,P.S. 114 - BRONX,1155 CROMWELL AVENUE,Bronx,BRONX,X,9,40.834776,-73.923067
Q463,FLUSHING HS - QUEENS,34-42 LEAVITT STREET,Queens,QUEENS,Q,25,40.765585,-73.829149
Q499,P.S./I.S. 499 - QUEENS,148-20 REEVES AVENUE,Queens,QUEENS,Q,25,40.739246,-73.822057
K425,JAMES MADISON HS - BROOKLYN,3787 BEDFORD AVENUE,Brooklyn,BROOKLYN,K,22,40.609912,-73.948512
K157,P.S. 157 - BROOKLYN,850 KENT AVENUE,Brooklyn,BROOKLYN,K,14,40.695417,-73.959571
Q520,MIDDLE COLLEGE HIGH SCHOOL - QUEENS,45-35 VAN DAM STREET,Queens,QUEENS,Q,24,40.744412,-73.93364
X152,P.S. 152 - BRONX,1007 EVERGREEN AVENUE,Bronx,BRONX,X,8,40.824024,-73.880032
M234,P.S. 234 - MANHATTAN,292 GREENWICH STREET,Manhattan,MANHATTAN,M,2,40.716017,-74.011038
K062,I.S. 62 - BROOKLYN,700 CORTELYOU ROAD,Brooklyn,BROOKLYN,K,20,40.638686,-73.971651
R025,R025 SPED - STATEN ISLAND,4210 ARTHUR KILL ROAD,Staten Island,STATEN IS,R,31,40.539795,-74.237549
K332,CHRISTOPHER AVENUE COMMUNITY SCHOOL,51 CHRISTOPHER AVENUE,Brooklyn,BROOKLYN,K,23,40.672462,-73.906552
K801,HEADQTRS 65 CNTRL ADMIN. - K,65 COURT STREET,Brooklyn,BROOKLYN,K,15,40.692012,-73.991227
K019,P.S. 414 - BROOKLYN,325 SOUTH 3 STREET,Brooklyn,BROOKLYN,K,14,40.709647,-73.95465
K211,I.S. 211 - BROOKLYN,1001 EAST 100 STREET,Brooklyn,BROOKLYN,K,18,40.643278,-73.896212
X022,I.S. 22 - BRONX,270 EAST 167 STREET,Bronx,BRONX,X,9,40.833131,-73.914027
K194,P.S. 194 - BROOKLYN,3117 AVENUE W,Brooklyn,BROOKLYN,K,22,40.596757,-73.933499
M020,P.S. 20 - MANHATTAN,166 ESSEX STREET,Manhattan,MANHATTAN,M,1,40.72154,-73.986648
Q141,I.S. 141 - QUEENS,37-11 21 AVENUE,Queens,QUEENS,Q,30,40.775589,-73.90509
M112,P.S. 112 - MANHATTAN,535 EAST 119 STREET,Manhattan,MANHATTAN,M,4,40.796668,-73.930966
Q686,QUEENS METROPOLITAN HIGH SCHOOL - QUEENS,91-30 METROPOLITAN AVENUE,Queens,QUEENS,Q,28,40.711367,-73.856698
Q058,P.S. 58 - QUEENS,72-24 GRAND AVENUE,Queens,QUEENS,Q,24,40.728735,-73.890699
X099,METROPOLITAN HS - BRONX,1180 REV. J.A. POLITE AVENUE,Bronx,BRONX,X,12,40.827315,-73.897612
K126,J.H.S. 126 - BROOKLYN,424 LEONARD STREET,Brooklyn,BROOKLYN,K,14,40.719819,-73.948625
M042,P.S. 42 - MANHATTAN,71 HESTER STREET,Manhattan,MANHATTAN,M,2,40.715905,-73.990895
X053,P.S. 53 - BRONX,360 EAST 168 STREET,Bronx,BRONX,X,9,40.832866,-73.911418
M087,P.S. 87 - MANHATTAN,160 WEST 78 STREET,Manhattan,MANHATTAN,M,3,40.781958,-73.977638
Q105,P.S. 105 - QUEENS,420 BEACH 51 STREET,Queens,QUEENS,Q,27,40.595768,-73.781873
R031,P.S. 31 - STATEN ISLAND,55 LAYTON AVENUE,Staten Island,STATEN IS,R,31,40.641595,-74.085135
M041,P.S. 41 - MANHATTAN,116 WEST 11 STREET,Manhattan,MANHATTAN,M,2,40.735687,-73.999
Q179,Q004 SPED - QUEENS,196-25 PECK AVENUE,Queens,QUEENS,Q,26,40.741852,-73.779796
X127,I.S. 127 - BRONX,1560 PURDY STREET,Bronx,BRONX,X,11,40.837931,-73.853524
K023,P.S. 23 - BROOKLYN,545 WILLOUGHBY AVENUE,Brooklyn,BROOKLYN,K,14,40.69407,-73.94756
M528,I.S. 528 - MANHATTAN,180 WADSWORTH AVENUE,Manhattan,MANHATTAN,M,6,40.85051,-73.934485
Q153,P.S. 153 - QUEENS,60-02 60 LANE,Queens,QUEENS,Q,24,40.716609,-73.903669
Q177,Q177 SPED - QUEENS,56-37 188 STREET,Queens,QUEENS,Q,26,40.74391,-73.788133
X119,P.S. 119 - BRONX,1075 PUGSLEY AVENUE,Bronx,BRONX,X,8,40.828518,-73.856569
X107,P.S. 107 - BRONX,1695 SEWARD AVENUE,Bronx,BRONX,X,8,40.818467,-73.868372
K309,P.S. 309 - BROOKLYN,794 MONROE STREET,Brooklyn,BROOKLYN,K,16,40.688419,-73.924833
Q013,P.S. 13 - QUEENS,55-01 94TH STREET,Queens,QUEENS,Q,24,40.737613,-73.86851
K279,P.S. 279 - BROOKLYN,1070 EAST 104 STREET,Brooklyn,BROOKLYN,K,18,40.644203,-73.892264
Q201,P.S. 201 - QUEENS,65-11 155 STREET,Queens,QUEENS,Q,25,40.736653,-73.813346
M645,THE HIGH SCHOOL FOR CLIMATE JUSTICE,320 EAST 96 STREET,Manhattan,MANHATTAN,M,2,40.783625,-73.945637
M096,P.S. 96 - MANHATTAN,216 EAST 120 STREET,Manhattan,MANHATTAN,M,4,40.800256,-73.937558
Q097,P.S. 97 - QUEENS,85-52 85 STREET,Queens,QUEENS,Q,27,40.694518,-73.859659
K050,J.H.S. 50 - BROOKLYN,183 SOUTH 3 STREET,Brooklyn,BROOKLYN,K,14,40.711704,-73.960275
Q037,P.S. 37 - QUEENS,179-37 137 AVENUE,Queens,QUEENS,Q,29,40.67588,-73.758505
K221,P.S. 221 - BROOKLYN,791 EMPIRE BOULEVARD,Brooklyn,BROOKLYN,K,17,40.663701,-73.936049
Q415,BENJAMIN N. CARDOZO HS - QUEENS,57-00 223 STREET,Queens,QUEENS,Q,26,40.752333,-73.75599
X193,P.S. 211 - BRONX,1919 PROSPECT AVENUE,Bronx,BRONX,X,12,40.843546,-73.889755
Q052,P.S. 52 - QUEENS,178-37 146 TERRACE,Queens,QUEENS,Q,29,40.661122,-73.766733
X160,P.S. 160 - BRONX,4140 HUTCHINSON RIVER PARKWAY EAST,Bronx,BRONX,X,11,40.864687,-73.824299
K249,P.S. 249 - BROOKLYN,18 MARLBOROUGH ROAD,Brooklyn,BROOKLYN,K,17,40.64971,-73.966046
M108,P.S. 108 - MANHATTAN,1615 MADISON AVENUE,Manhattan,MANHATTAN,M,4,40.795146,-73.948368
X106,P.S. 106 - BRONX,1514 OLMSTEAD AVENUE,Bronx,BRONX,X,11,40.836374,-73.855175
R446,PORT RICHMOND HS - R,39 INNIS STREET,Staten Island,STATEN IS,R,31,40.633704,-74.142364
Q475,RICHMOND HILL HS - QUEENS,89-30 114 STREET,Queens,QUEENS,Q,27,40.695888,-73.833681
Q074,I.S. 74 - QUEENS,61-15 OCEANIA STREET,Queens,QUEENS,Q,26,40.745201,-73.767446
K864,SUCCESS ACADEMY CHARTER SCHOOL - BERGEN BEACH - NE,3109 NEWKIRK AVENUE,Brooklyn,BROOKLYN,K,22,40.640066,-73.947253
X175,P.S. 175 - BRONX,200 CITY ISLAND AVENUE,Bronx,BRONX,X,11,40.843873,-73.785219
R042,P.S. 42 - STATEN ISLAND,380 GENESEE AVENUE,Staten Island,STATEN IS,R,31,40.552523,-74.169464
K656,BROOKLYN HS OF THE ARTS - BROOKLYN,500 PACIFIC STREET,Brooklyn,BROOKLYN,K,15,40.684504,-73.980678
Q232,P.S. 232 - QUEENS,153-23 83 STREET,Queens,QUEENS,Q,27,40.665909,-73.851216
M064,P.S. 64 - MANHATTAN,600 EAST 6 STREET,Manhattan,MANHATTAN,M,1,40.724435,-73.981521
M142,P.S. 142 - MANHATTAN,100 ATTORNEY STREET,Manhattan,MANHATTAN,M,1,40.718383,-73.984452
K002,I.S. 2 - BROOKLYN,655 PARKSIDE AVENUE,Brooklyn,BROOKLYN,K,17,40.656183,-73.951583
K102,P.S. 102 - BROOKLYN,211 72 STREET,Brooklyn,BROOKLYN,K,20,40.63402,-74.029036
Q207,P.S. 207 - QUEENS,159-15 88 STREET,Queens,QUEENS,Q,27,40.658089,-73.844432
K180,P.S. 180 - BROOKLYN,5601 16 AVENUE,Brooklyn,BROOKLYN,K,20,40.627029,-73.989672
R008,P.S. 8 - STATEN ISLAND,112 LINDENWOOD ROAD,Staten Island,STATEN IS,R,31,40.547692,-74.151755
X009,P.S. 9 - BRONX,230 EAST 183 STREET,Bronx,BRONX,X,10,40.857067,-73.898936
R880,P.S. 80 - STATEN ISLAND,715 OCEAN TERRACE,Staten Island,STATEN IS,R,31,40.608756,-74.102344
Q340,P.S. @ 46-10 70 STREET - QUEENS,46-10 70 STREET,Queens,QUEENS,Q,24,40.739613,-73.894214
K447,3K CENTER @ 129 VAN BRUNT STREET - BROOKLYN,129 VAN BRUNT STREET,Brooklyn,BROOKLYN,K,15,40.68417,-74.00556
K029,P.S. 29 - BROOKLYN,425 HENRY STREET,Brooklyn,BROOKLYN,K,15,40.686959,-73.998053
Q131,P.S. 131 - QUEENS,170-21 84TH AVENUE,Queens,QUEENS,Q,29,40.716609,-73.794666
K455,BOYS & GIRLS HS - BROOKLYN,1700 FULTON STREET,Brooklyn,BROOKLYN,K,16,40.67944,-73.932407
K110,P.S. 110 - BROOKLYN,124 MONITOR STREET,Brooklyn,BROOKLYN,K,14,40.723897,-73.942312
K007,K004 SPED - BROOKLYN,858 JAMAICA AVENUE,Brooklyn,BROOKLYN,K,19,40.689697,-73.873109
M128,P.S. 128 - MANHATTAN,560 WEST 169 STREET,Manhattan,MANHATTAN,M,6,40.841359,-73.938593
K287,P.S. 287 - BROOKLYN,50 NAVY STREET,Brooklyn,BROOKLYN,K,13,40.697901,-73.98054
Q067,J.H.S. 67 - QUEENS,51-60 MARATHON PARKWAY,Queens,QUEENS,Q,26,40.762708,-73.733694
K230,P.S. 230 - BROOKLYN,1 ALBEMARLE ROAD,Brooklyn,BROOKLYN,K,15,40.645017,-73.980761
Q401,AUGUST MARTIN HS - QUEENS,156-10 BAISLEY BOULEVARD,Queens,QUEENS,Q,27,40.675633,-73.783342
X660,CROTONA INTERNATIONAL HIGH SCHOOL - BRONX,2474 CROTONA AVENUE,Bronx,BRONX,X,10,40.855698,-73.882715
Q031,P.S. 31 - QUEENS,211-45 46 ROAD,Queens,QUEENS,Q,26,40.757064,-73.770122
R075,I.S. 75 - STATEN ISLAND,455 HUGUENOT AVENUE,Staten Island,STATEN IS,R,31,40.54438,-74.197897
K390,M.S. 354 - BROOKLYN,1224 PARK PLACE,Brooklyn,BROOKLYN,K,17,40.672713,-73.936924
X181,I.S. 181 - BRONX,800 BAYCHESTER AVENUE,Bronx,BRONX,X,11,40.875293,-73.83389
K241,P.S. 241 - BROOKLYN,976 PRESIDENT STREET,Brooklyn,BROOKLYN,K,17,40.669361,-73.960769
X039,LONGWOOD PREPARATORY ACADEMY,965 LONGWOOD AVENUE,Bronx,BRONX,X,8,40.817512,-73.898212
K436,HIGH SCHOOL FOR CIVIL RIGHTS - K,125-08 FLATLANDS AVENUE,Brooklyn,BROOKLYN,K,19,40.658428,-73.873063
K158,P.S. 158 - BROOKLYN,400 ASHFORD STREET,Brooklyn,BROOKLYN,K,19,40.672579,-73.884803
R051,I.S. 51 - STATEN ISLAND,80 WILLOWBROOK ROAD,Staten Island,STATEN IS,R,31,40.623266,-74.14424
K835,P.S. 235 - BROOKLYN,525 LENOX ROAD,Brooklyn,BROOKLYN,K,18,40.654704,-73.941089
X080,I.S. 80 - BRONX,149 EAST MOSHOLU PARKWAY NORTH,Bronx,BRONX,X,10,40.876299,-73.881532
K176,P.S. 176 - BROOKLYN,1225 69 STREET,Brooklyn,BROOKLYN,K,20,40.62457,-74.005314
X085,P.S. 85 - BRONX,2400 MARION AVENUE,Bronx,BRONX,X,10,40.858831,-73.895167
Q497,H.S. @ 165-15 88 AVENUE - QUEENS,165-15 88 AVENUE,Queens,QUEENS,Q,78,40.708691,-73.796674
X511,P.S. @ 760 EAST GUN HILL ROAD - BRONX,760 EAST GUN HILL ROAD,Bronx,BRONX,X,84,40.876633,-73.864113
M188,P.S. 188 - MANHATTAN,442 EAST HOUSTON STREET,Manhattan,MANHATTAN,M,1,40.719598,-73.977904
K200,P.S. 200 - BROOKLYN,1940 BENSON AVENUE,Brooklyn,BROOKLYN,K,20,40.603188,-74.001408
X019,P.S. 19 - BRONX,311 EAST 237TH STREET,Bronx,BRONX,X,11,40.89902,-73.866925
X130,P.S. 130 - BRONX,750 PROSPECT AVENUE,Bronx,BRONX,X,8,40.817721,-73.902421
K391,I.S. 722 - BROOKLYN,790 EAST NEW YORK AVENUE,Brooklyn,BROOKLYN,K,17,40.662447,-73.936382
M123,P.S. 123 - MANHATTAN,301 WEST 140 STREET,Manhattan,MANHATTAN,M,5,40.819767,-73.944433
R020,P.S. 20 - STATEN ISLAND,161 PARK AVENUE,Staten Island,STATEN IS,R,31,40.636598,-74.132919
Q126,I.S. 126 - QUEENS,31-51 21 STREET,Queens,QUEENS,Q,30,40.766264,-73.930709
M004,P.S. 4 - MANHATTAN,500 WEST 160 STREET,Manhattan,MANHATTAN,M,6,40.834899,-73.941085
K094,P.S. 94 - BROOKLYN,5010 6 AVENUE,Brooklyn,BROOKLYN,K,15,40.64366,-74.008252
K299,P.S. 299 - BROOKLYN,88 WOODBINE STREET,Brooklyn,BROOKLYN,K,32,40.691077,-73.918152
K280,EDUCATIONAL CAMPUS @ 500 19 STREET - BROOKLYN,500 19 STREET,Brooklyn,BROOKLYN,K,15,40.656944,-73.983115
K123,P.S. 123 - BROOKLYN,100 IRVING AVENUE,Brooklyn,BROOKLYN,K,32,40.703767,-73.922702
X451,X000 - BRONX,1980 LAFAYETTE AVENUE,Bronx,BRONX,X,8,40.82229,-73.856167
X043,P.S. 43 - BRONX,165 BROWN PLACE,Bronx,BRONX,X,7,40.806351,-73.921196
M046,P.S. 46 - MANHATTAN,2987 FREDERICK DOUGLASS BOULEVARD,Manhattan,,M,5,,
K370,K370 SPED - BROOKLYN,3000 WEST 1 STREET,Brooklyn,BROOKLYN,K,21,40.57752,-73.969517
K035,I.S. 35 - BROOKLYN,272 MACDONOUGH STREET,Brooklyn,BROOKLYN,K,16,40.681904,-73.935895
X052,I.S. 302 - BRONX,681 KELLY STREET,Bronx,BRONX,X,8,40.815429,-73.902139
K207,P.S. 207 - BROOKLYN,4011 FILLMORE AVENUE,Brooklyn,BROOKLYN,K,22,40.613353,-73.930129
M486,J. K. ONASSIS HS FOR INT CAREERS-M,120 WEST 46 STREET,Manhattan,MANHATTAN,M,2,40.757729,-73.983078
X178,P.S. 178 - BRONX,850 BAYCHESTER AVENUE,Bronx,BRONX,X,11,40.875894,-73.83386
Q025,J.H.S. 25 - QUEENS,34-65 192 STREET,Queens,QUEENS,Q,25,40.765133,-73.790083
Q298,ELM TREE ELEMENTARY SCHOOL,50-51 98TH STREET,Queens,QUEENS,Q,24,40.742167,-73.864109
M173,P.S./I.S. 173 - MANHATTAN,306 FORT WASHINGTON AVENUE,Manhattan,MANHATTAN,M,6,40.845469,-73.940468
Q469,BENJAMIN N. CARDOZO HS - QUEENS,221-15 58TH AVENUE,Queens,QUEENS,Q,26,40.751122,-73.756912
Q798,BACCALAUREATE SCL FOR GLOBAL ED-Q,34-12 36TH AVENUE,Queens,QUEENS,Q,30,40.755366,-73.927169
K061,I.S. 61 - BROOKLYN,400 EMPIRE BOULEVARD,Brooklyn,BROOKLYN,K,17,40.664007,-73.94922
X028,P.S. 28 - BRONX,1861 ANTHONY AVENUE,Bronx,BRONX,X,9,40.848057,-73.903522
M276,P.S./I.S. 276 - MANHATTAN,55 BATTERY PLACE,Manhattan,MANHATTAN,M,2,40.70644,-74.017818
M154,P.S. 154 - MANHATTAN,250 WEST 127 STREET,Manhattan,MANHATTAN,M,5,40.810928,-73.948938
Q197,P.S. 197 - QUEENS,825 HICKSVILLE ROAD,Queens,QUEENS,Q,27,40.600199,-73.743968
X098,I.S. 98 - BRONX,1619 BOSTON ROAD,Bronx,BRONX,X,12,40.8359,-73.890458
R026,P.S./I.S. 26 - STATEN ISLAND,4108 VICTORY BOULEVARD,Staten Island,STATEN IS,R,31,40.591702,-74.190648
Q009,Q009 SPED - QUEENS,58-74 57 STREET,Queens,QUEENS,Q,24,40.718935,-73.912208
M022,NEW EXPLORATIONS - M,111 COLUMBIA STREET,Manhattan,MANHATTAN,M,1,40.718895,-73.979308
Q223,P.S. 223 - QUEENS,125-20 SUTPHIN BOULEVARD,Queens,QUEENS,Q,27,40.674541,-73.789417
Q822,Q811 SPED - QUEENS,114-36 202ND STREET,Queens,QUEENS,Q,29,40.699646,-73.752519
R126,ANNEX @ 57 CLEVELAND PLACE - STATEN ISLAND,57 CLEVELAND PLACE,Staten Is,STATEN IS,R,31,40.602182,-74.068818
M634,NEW YORK HARBOR SCHOOL ANNEX - MANHATTAN,555 SHORT AVENUE,Manhattan,MANHATTAN,M,78,40.691201,-74.020291
K216,P.S. 216 - BROOKLYN,350 AVENUE X,Brooklyn,BROOKLYN,K,21,40.590564,-73.969964
K190,P.S. 190 - BROOKLYN,590 SHEFFIELD AVENUE,Brooklyn,BROOKLYN,K,19,40.662326,-73.894441
M501,THE URBAN ASSEMBLY SCHOOL FOR GLOBAL COMMERCE,2005 MADISON AVENUE,Manhattan,MANHATTAN,M,5,40.807383,-73.939433
M110,P.S. 110 - MANHATTAN,285 DELANCEY STREET,Manhattan,MANHATTAN,M,1,40.715915,-73.979893
K099,P.S. 99 - BROOKLYN,1120 EAST 10 STREET,Brooklyn,BROOKLYN,K,21,40.621565,-73.965595
K264,P.S. 264 - BROOKLYN,371 89 STREET,Brooklyn,BROOKLYN,K,20,40.620957,-74.03015
KBDD,SALVATION ARMY SUTTER DAY CARE,20 SUTTER AVENUE,Brooklyn,BROOKLYN,K,23,40.665361,-73.922177
X047,P.S. 47 - BRONX,1794 EAST 172 STREET,Bronx,BRONX,X,12,40.832902,-73.866848
Q019,P.S. 19 - QUEENS,40-10 99TH STREET,Queens,QUEENS,Q,24,40.749108,-73.866362
K040,P.S. 40 - BROOKLYN,265 RALPH AVENUE,Brooklyn,BROOKLYN,K,16,40.680463,-73.922264
XAYF,"MINIVENTURES OF NY, INC.- SITE #4 - BRONX",2863 WEBSTER AVENUE,Bronx,BRONX,X,10,40.866931,-73.884217
K743,ADULT AND CONTINUING EDUCATION,475 NOSTRAND AVENUE,Brooklyn,BROOKLYN,K,13,40.681233,-73.949737
Q260,P.S. 307 - QUEENS,40-20 100 STREET,Queens,QUEENS,Q,24,40.748838,-73.865161
Q104,P.S. 104 - QUEENS,26-01 MOTT AVENUE,Queens,QUEENS,Q,27,40.608467,-73.764548
R460,SUSAN E. WAGNER HS - STATEN ISLAND,1200 MANOR ROAD,Staten Island,STATEN IS,R,31,40.596896,-74.124169
R057,P.S. 57 - STATEN ISLAND,140 PALMA DRIVE,Staten Island,STATEN IS,R,31,40.611508,-74.083177
Q045,P.S. 45 - QUEENS,126-28 150 STREET,Queens,QUEENS,Q,27,40.672727,-73.788164
K260,THE FRESH CREEK SCHOOL - BROOKLYN,875 WILLIAMS AVENUE,Brooklyn,BROOKLYN,K,19,40.654031,-73.894854
M841,M811 SPED - MANHATTAN,466 WEST END AVENUE,Manhattan,MANHATTAN,M,3,40.786611,-73.97951
M098,P.S. 98 - MANHATTAN,512 WEST 212 STREET,Manhattan,MANHATTAN,M,6,40.867826,-73.917059
K281,I.S. 281 - BROOKLYN,8787 24 AVENUE,Brooklyn,BROOKLYN,K,21,40.595341,-73.993457
K078,I.S. 78 - BROOKLYN,1420 EAST 68 STREET,Brooklyn,BROOKLYN,K,22,40.621224,-73.91287
