project_id,building_id,project_description,construction_award,project_type
1,Q225,ROOFS / PARAPETS / EXTERIOR MASONRY / WINDOWS,11379100,CIP
2,X161,PARAPETS / EXTERIOR MASONRY / ELECTRICAL SERVICE UPGRADE / ELECTRIFICATION/HEAT PUMP SYSTEMS / ROOFS,25555000,CIP
3,K020,IPDVS INSTALLATIONS / IPDVS INSTALLATIONS,350000,CIP
4,X054,IPDVS CAMERA INSTALLATION / FY23 RESO A IPDVS CAMERA INSTALLATION,372000,CIP
5,Q202,PLANYC CLIMATE CONTROL / PLANYC BOILER CONVERSION,8212500,CIP
6,M102,PLANYC CLIMATE CONTROL / PLANYC BOILER CONVERSION,7500000,CIP
7,K145,FY24 RESO A PA SYSTEM UPGRADE,928120,CIP
8,R069,FY24 RESO A PA SYSTEM UPGRADE,869000,CIP
9,K081,ROOFS / EXTERIOR MASONRY / FLOOD ELIMINATION,4993919,CIP
10,Q033,IPDVS INSTALLATIONS / IPDVS INSTALLATIONS,395000,CIP
11,M054,ROOFS / PARAPETS / EXTERIOR MASONRY / WINDOWS,14298000,CIP
12,X110,ELECTRICAL WORK FOR A/C INITIATIVE,4171.6,CIP
13,X405,AUDITORIUM UP0GRADE,1050000,CIP
14,M028,WATER INFILTRATION INTO ELECTRCIAL EQUIPMENT / FIRE ALARM SYSTEM REPLACEMENT,979000,CIP
15,Q202,FY23 RESO A CAFETERIA UPGRADE,1474000,CIP
16,K308,PLAYGROUND UPGRADE,2549101,CIP
17,X162,PARAPETS / EXTERIOR MASONRY,5264000,CIP
18,Q076,RETAINING WALL,398000,CIP
19,Q018,IPDVS INSTALLATIONS / IPDVS INSTALLATIONS,314000,CIP
20,K285,FY20 RESO A PATH OF TRAVEL SCIENCE LAB UPGRADES / FY20 RESO A SCIENCE LAB UPGRADES,1480000,CIP
21,K004,New,66677000,CAP
22,R470,FY22 RESO A (MA) CULINARY KITCHEN / PATH OF TRAVEL RESO A (MA) CULINARY KITCHEN,2587000,CIP
23,Q119,ROOFS / FLOOD ELIMINATION / PARAPETS / WINDOWS / EXTERIOR MASONRY / FIRE ALARM / LL26 EXIT SIGNS / EXTERIOR DOORS,19270344,CIP
24,Q339,FY24 RESO A PLAYGROUND UPGRADE,576000,CIP
25,K054,FULL PROGRAM ACCESSIBILITY / FIRE ALARM REPLACEMENT,14444000,CIP
26,Q036,ROOFS / EXTERIOR MASONRY / PARAPETS,5517000,CIP
27,M070,RESO A LOCKER ROOM UPGRADE / PATH OF TRAVEL RESO A LOCKER ROOM UPGRADE,2664000,CIP
28,M191,FULL PROGRAM ACCESSIBILITY,12427000,CIP
29,K179,FY24 RESO A AUDITORIUM UPGRADE / PATH OF TRAVEL RESO A AUDITORIUM UPGRADE,595000,CIP
30,Q081,IPDVS INSTALLATIONS / IPDVS INSTALLATIONS,322000,CIP
31,Q139,ROOF TOP UNIT REPLACEMENTS / AUDITORIUM WATER INFILTRATION,6436000,CIP
32,R072,IDA FLOOD ELIMINATION / CONCRETE PARAPET WALL / IDA INTERIOR SPACES / EXTERIOR MASONRY / ROOFS,16387000,CIP
33,K104,FY23 RESO A OUTDOOR STEM CENTER / PATH OF TRAVEL RESO A OUTDOOR STEM CENTER,410000,CIP
34,Q452,PUBLIC ADDRESS SYSTEM REPLACEMENT,1114250,CIP
35,R006,EXTERIOR MASONRY,2455056,CIP
36,K246,CHILLER REPLACEMENT @ K246 / FIRE ALARM SYSTEM / BMS UPGRADE,14922000,CIP
37,K405,ELECTRICAL WORK FOR A/C INITIATIVE,4510,CIP
38,K722,FIRE ALARM SYSTEM REPLACEMENT,2268000,CIP
39,R029,EXTERIOR MASONRY / PARAPETS / ROOFS,4917600,CIP
40,K358,New,77711000,CAP
41,X140,FY24 RESO A LIBRARY UPGRADE / PATH OF TRAVEL RESO A LIBRARY UPGRADE,430000,CIP
42,M641,FLOOD ELIMINATION / WINDOWS / EXTERIOR MASONRY / AUDITORIUM DUCTWORK / AUDITORIUM UPGRADE / PARAPETS / PATH OF TRAVEL AUDITORIUM UPGRADE / ROOFS,25622000,CIP
43,K111,ROOFS / WINDOWS / EXTERIOR MASONRY,7956000,CIP
44,K306,ROOFS / WINDOWS / EXTERIOR MASONRY / SITE WORK,13892000,CIP
45,M129,ROOFS / PARAPETS / WINDOWS / EXTERIOR MASONRY,29717000,CIP
46,X146,FULL PROGRAM ACCESSIBILITY / LOW VOLTAGE ELECTRICAL SYSTEM,8974000,CIP
47,M490,CAFETERIA UPGRADE / AHU REPLACEMENT,8995000,CIP
48,Q239,"HVAC COOLING SYSTEM REPLACEMENT
 / CLIMATE CONTROL / FIRE ALARM SYSTEM REPLACEMENT",7760000,CIP
49,Q070,ELECTRICAL WORK FOR A/C INITIATIVE / ELECTRICAL WORK FOR A/C INITIATIVE / ELECTRICAL WORK FOR A/C INITIATIVE,589000,CIP
50,Q180,CONDENSATION RESOLUTION,21648,CIP
51,K371,LL 26-EXIT SIGNS,18119,CIP
52,Q435,LSP- DOMESTIC WATER HEATER,283150,CIP
53,K219,PATH OF TRAVEL RESO A SCIENCE LAB UPGRADE / FY21 RESO A SCIENCE LAB UPGRADE,2981000,CIP
54,Q155,FY24 RESO A PLAYGROUND UPGRADE / PATH OF TRAVEL RESO A PLAYGROUND UPGRADE,529000,CIP
55,X120,PLANYC CLIMATE CONTROL / PLANYC BOILER CONVERSION,8877000,CIP
56,K680,Demo,10555000,CAP
57,M132,DEFECTIVE WROUGHT IRON FENCE & HANDRAILS / FY16 RESO A PLAYGROUND REDEVELOPMENT / WATER INFILTRATION / BOILER REPAIR / RPZ BACKFLOW PREVENTION DEVICES,9862354.98,CIP
58,M132,COVID VENTILATION / COVID ELECTRICAL SYSTEM UPGRADE / COVID FIRE ALARM SYSTEM REPLACEMENT,11355000,CIP
59,K005,ELECTRIFICATION/CLIMATE CONTROL / ELECTRIFICATION / BOILER REMOVAL / LOW VOLTAGE ELECTRICAL SYSTEM / ELECTRICAL SYSTEMS,16795000,CIP
60,Q090,FIRE ALARM SYSTEM REPLACEMENT / VENTILATION,8305000,CIP
61,Q117,LSP DOMESTIC WATER HEATER,84450,CIP
62,K150,IPDVS INSTALLATIONS / IPDVS INSTALLATIONS,328995,CIP
63,Q056,LOW VOLTAGE ELECTRICAL SYSTEM,890000,CIP
64,X030,EXTERIOR MASONRY / ROOFS / PARAPETS,9630000,CIP
65,Q680,EXTERIOR MASONRY / ROOFS / HVAC/BMS UPGRADE / FIRE ALARM SYSTEM,12880000,CIP
66,Q021,PLANYC BOILER CONVERSION / PLANYC CLIMATE CONTROL,5825285,CIP
67,X063,REINFORCING SUPPORT ELEMENTS / PAVED AREAS CONCRETE / WINDOWS / PARAPETS / ROOFS / EXTERIOR MASONRY,20294000,CIP
68,Q470,SCIENCE DEMO ROOM UPGRADES / SCIENCE LAB UPGRADE,1797000,CIP
69,R041,HEATING PLANT UPGRADE / ROOFS / PARAPETS / EXTERIOR MASONRY,20225000,CIP
70,X425,EXTERIOR MASONRY / PARAPETS / WINDOWS / ROOFS / FLOOD ELIMINATION,49990000,CIP
71,M045,SIDEWALK REPAIR / ROOFS / EXTERIOR MASONRY / PARAPETS / FLOOD ELIMINATION,17300000,CIP
72,Q096,EXISTING BUILDING RENOVATION WORK / EXISTING BUILDING-AUDITORIUM / EXISTING BUILDING-CAFETERIA,6006920,CIP
73,K159,IPDVS INSTALLATIONS / IPDVS INSTALLATIONS,450194,CIP
74,X722,EXTERIOR MASONRY WATER PENETRATION / WINDOWS / ROOFS / FLOOD ELIMINATION / PARAPETS,9394223,CIP
75,Q411,TENNIS COURT REMEDIATION,4362000,CIP
76,X075,ROOFS / PARAPETS / EXTERIOR MASONRY / FLOOD ELIMINATION / WINDOWS,35816450,CIP
77,K185,CLASSROOM FLOORING / PATH OF TRAVEL CLASSROOM FLOORING,2150000,CIP
78,M187,LSP- DOMESTIC HOT WATER HEATER REPLACEMENT,227744.76,CIP
79,X180,WINDOWS,4300000,CIP
80,K196,FY24 RESO A AUDITORIUM UPGRADE,326500,CIP
81,R005,Addition,63890000,CAP
82,X002,WALK-IN REFRIGERATORS AND FREEZERS,440000,CIP
83,Q566,ROOFS / PARAPETS / FIRE ALARM SYSTEM / EXTERIOR MASONRY,14111000,CIP
84,X100,IPDVS INSTALLATIONS / IPDVS INSTALLATIONS / IPDVS INSTALLATIONS,495446,CIP
85,M440,IPDVS CAMERA INSTALLATION / IPDVS CAMERA INSTALLATION / IPDVS CAMERA INSTALLATION,449000,CIP
86,Q341,New,74725000,CAP
87,X150,IPDVS INSTALLATIONS / IPDVS INSTALLATIONS,312500,CIP
88,K440,FY24 RESO A LOCKER ROOM UPGRADE / FY24 RESO A GYMNASIUM UPGRADE / PATH OF TRAVEL RESO A LOCKER ROOM UPGRADE / PATH OF TRAVEL RESO A GYMNASIUM UPGRADE,2227000,CIP
89,K525,IDA GYM FLOOR REPLACEMENT @ K525,893919,CIP
90,K877,FLOOD ELIMINATION / WINDOWS / EXTERIOR MASONRY,4759000,CIP
91,Q127,LSP- DOMESTIC HOT WATER HEATER,191011.57,CIP
92,M485,STAIRWELL WALLS,3751366,CIP
93,Q516,Demo,1629000,CAP
94,Q388,New,89375000,CAP
95,Q229,FIRE ALARM REPLACEMENT,835000,CIP
96,K321,FY22 RESO A PLAYGROUND UPGRADE,569740,CIP
97,M140,ROOFS / PARAPETS / EXTERIOR MASONRY / WINDOWS / ANSUL SYSTEMS/FIRE SUPPRESSION / ELECTRICAL UPGRADE / HVAC UPGRADE FOR CLASSROOMS AND PA SPACES / HEATING PLANT UPGRADE / FLOOD ELIMINATION / LOW VOLTAGE ELECTRICAL SYSTEM,49922946,CIP
98,X515,New,89411000,CAP
99,Q849,EXTERIOR MASONRY / PARAPETS / ROOFS / WINDOWS / FLOOD ELIMINATION,23400000,CIP
100,M533,Lease,119840000,CAP
101,Q133,ROOFS / FLOOD ELIMINATION / EXTERIOR MASONRY / PARAPETS,8888000,CIP
102,K195,EXTERIOR MASONRY,1914688,CIP
103,Q739,CHAPEL ROOM CONVERSION,2842800.5,CIP
104,X008,IPDVS INSTALLATIONS / IPDVS INSTALLATIONS,427000,CIP
105,M118,WALK-IN REFRIGERATORS AND FREEZERS,543700,CIP
106,Q060,IPDVS INSTALLATIONS / IPDVS INSTALLATIONS,352000,CIP
107,K097,PLANYC BOILER CONVERSION / PLANYC CLIMATE CONTROL / EXISTING BUILDING WORK,11480000,CIP
108,Q145,PLANYC BOILER CONVERSION / PLANYC CLIMATE CONTROL,8497000,CIP
109,Q189,EXTERIOR MASONRY / ROOFS / PARAPETS / FLOOD ELIMINATION,15700000,CIP
110,X094,IPDVS INSTALLATIONS / IPDVS INSTALLATIONS,358000,CIP
111,X435,STRUCTURAL ELEMENTS UNDER POOL / PATH OF TRAVEL STRUCTURAL ELEMENTS UNDER POOL / VENTILATION,22333000,CIP
112,Q485,LSP RESO A CAFETERIA UPGRADE - LIGHTING,300822.74,CIP
113,R046,FY18 RESO A ROOM CONVERSIONS/PARTITIONING,1053731.65,CIP
114,X045,RESO A PLAYGROUND UPGRADE,4589951,CIP
115,K120,FULL PROGRAM ACCESSIBILITY / LOW VOLTAGE ELECTRICAL SYSTEM / ROOFS / PARAPETS / EXTERIOR MASONRY,19211000,CIP
116,M048,IPDVS INSTALLATIONS / IPDVS INSTALLATIONS,382000,CIP
117,XAIN,ACS EARLY LEARN LEASE IMPROVEMENT / ACS EARLY LEARN PATH OF TRAVEL,2137137,CIP
118,M083,IPDVS INSTALLATIONS,2928.15,CIP
119,K208,COVID VENTILATION / COVID FIRE ALARM SYSTEM / COVID CLIMATE CONTROL,5546000,CIP
120,Q102,FY19 RESO A ROOM CONVERSIONS/PARTITIONING,36440,CIP
121,Q007,ROOFS / PARAPETS / EXTERIOR MASONRY / WINDOWS,12904000,CIP
122,K163,ROOFS / EXTERIOR MASONRY / PARAPETS,3544982,CIP
123,X066,BATHROOM UPGRADE,200000,CIP
124,X184,SCIENCE LAB UPGRADE / PATH OF TRAVEL SCIENCE LAB UPGRADE,1980000,CIP
125,Q123,TCU REMOVAL & PLAYGROUND REDEVELOPMENT,1082000,CIP
126,Q216,IDA FIRE ALARM SYSTEM REPLACEMENT / EARLY PACKAGE/TEMPORARY EGRESS,2889975,CIP
127,X113,FY22 RESO A SCIENCE LAB UPGRADE / PATH OF TRAVEL RESO A SCIENCE LAB UPGRADE,2477000,CIP
128,K199,ROOFS / PARAPETS / EXTERIOR MASONRY / WINDOWS,13572000,CIP
129,Q116,Addition,59387029,CAP
130,M465,CAFETERIA CHILLER,4915479,CIP
131,X137,IPDVS CAMERA INSTALLATION / FY23 RESO A IPDVS CAMERA INSTALLATION,389000,CIP
132,R123,Demo,89433000,CAP
133,K059,ROOFS / WINDOWS / EXTERIOR MASONRY / PARAPETS,12340000,CIP
134,Q166,IPDVS INSTALLATIONS,2934.62,CIP
135,K430,LL 26-EXIT SIGNS,319643.28,CIP
136,R445,COVID VENTILATION / COVID CLIMATE CONTROL,8586000,CIP
137,X148,FLOOD ELIMINATION,791275,CIP
138,M340,FLOOD ELIMINATION,630365,CIP
139,M001,IPDVS INSTALLATIONS / IPDVS INSTALLATIONS,399550,CIP
140,X084,IPDVS INSTALLATIONS / IPDVS INSTALLATIONS,603000,CIP
141,K159,ELECTRICAL WORK FOR A/C INITIATIVE / LL26 CODE COMPLIANCE/EXIT SIGN REPLACEMENT,9020,CIP
142,K273,FULL PROGRAM ACCESSIBILITY,10424400,CIP
143,K450,LL 26-EXIT SIGNS,240439.59,CIP
144,M535,EXTERIOR MASONRY / ROOFS / PARAPETS,15088000,CIP
145,K005,WINDOWS,14745880.35,CIP
146,K845,COVID VENTILATION / PARAPETS / ROOFS / EXTERIOR MASONRY,9160000,CIP
147,K033,ROOFS / PARAPETS / EXTERIOR MASONRY / WINDOWS,20400000,CIP
148,K329,IPDVS INSTALLATIONS / IPDVS INSTALLATIONS,378850,CIP
149,Q447,Lease,11988000,CAP
150,K244,FY23 RESO A AUDITORIUM UPGRADE,549000,CIP
151,Q026,EXISTING BUILDING WORK-FIRE ALARM,1834255.8,CIP
152,X600,STRUCTURAL CONCRETE FAILURE @ X600,798865,CIP
153,Q048,LSP DOMESTIC WATER HEATER,148607.82,CIP
154,K171,EXTERIOR MASONRY,3767000,CIP
155,R058,FY25 RESO A LIBRARY UPGRADE,303786,CIP
156,X018,IPDVS INSTALLATIONS / IPDVS INSTALLATIONS,381928,CIP
157,K191,IPDVS INSTALLATIONS / IPDVS INSTALLATIONS,348500,CIP
158,Q149,EXTERIOR MASONRY / PARAPETS / ROOFS / WINDOWS / PAVED AREAS- CONCRETE / FLOOD ELIMINATION,22889000,CIP
159,M520,ROOFS / WINDOWS / DOMESTIC PIPING,14812000,CIP
160,KAYT,ACS EARLY LEARN LEASE RENEWAL,970000,CIP
161,M125,FY23 RESO A POOL UPGRADE / PATH OF TRAVEL RESO A POOL UPGRADE,7320600,CIP
162,Q193,TCU REMOVAL/PLAYGROUND REDEVELOPMENT / PLANYC CLIMATE CONTROL / PLANYC BOILER CONVERSION / PATH OF TRAVEL TCU REMOVAL / PLAYGROUND REDEVELOPMENT,9527000,CIP
163,K235,ELECTRICAL WORK FOR A/C INITIATIVE,7216,CIP
164,Q226,FY23 RESO A IPDVS CAMERA INSTALLATION,351460.34,CIP
165,K314,CHILLER REPLACEMENT / AHU REPLACEMENT / BMS UPGRADE,9378000,CIP
166,Q041,ROOFS / PARAPETS / EXTERIOR MASONRY / SSBA - WORK IN EXISTING BUILDING,11099000,CIP
167,K091,ELECTRICAL SYSTEM UPGRADE / FLOOD ELIMINATION / WINDOWS / EXTERIOR MASONRY / PARAPETS / ROOFS,13391000,CIP
168,K297,FY24 RESO A GYMNASIUM UPGRADE,709000,CIP
169,K115,FY23 RESO A LIBRARY UPGRADE,280000,CIP
170,Q072,FY24 RESO A AUDITORIUM UPGRADE / FY24 RESO A ROOM CONVERSION / PATH OF TRAVEL RESO A AUDITORIUM UPGRADE,1277000,CIP
171,M056,LOW-VOLTAGE ELECTRICAL SYSTEM,2157000,CIP
172,Q135,LSP HOT WATER HEATER REPLACEMENT,416730,CIP
173,X050,EXTERIOR MASONRY / ROOFS / FLOOD ELIMINATION,5648869,CIP
174,K043,IPDVS INSTALLATIONS / IPDVS INSTALLATIONS,482000,CIP
175,M072,ELECTRICAL WORK FOR A/C INITIATIVE,3881.67,CIP
176,X070,OTHER TEMP STRUCTURE REMOVAL/PLAYGROUND REDEVELOPMENT / PATH OF TRAVEL-OTHER TEMP STRUCTURE REMOVAL,3278760,CIP
177,X368,ASPHALT PAVEMENT AT TIBBETT AVE,10850000,CIP
178,Q035,EXTERIOR MASONRY / ROOFS / PARAPETS / WINDOWS,10949000,CIP
179,Q161,LSP DOMESTIC WATER HEATER REPLACEMENT,238500,CIP
180,R435,PARAPETS / EXTERIOR MASONRY / ROOFS,29474103,CIP
181,K153,FY24 RESO A AUDITORIUM UPGRADE / PATH OF TRAVEL RESO A AUDITORIUM UPGRADE,1157000,CIP
182,M155,FULL PROGRAM ACCESSIBILITY / FLOOD ELIMINATION / FIRE ALARM SYSTEM,13631919,CIP
183,Q460,FLOOD ELIMINATION,597000,CIP
184,K415,CAFETERIA UPGRADE / PATH OF TRAVEL CAFETERIA UPGRADE,2345000,CIP
185,K014,PARAPETS / EXTERIOR MASONRY,2243760,CIP
186,Q212,FY23 RESO A MULTIMEDIA CENTER / PATH OF TRAVEL RESO A MULTIMEDIA CENTER,554000,CIP
187,X144,FY25 RESO A IPDVS CAMERA INSTALLATION / FY25 RESO A IPDVS CAMERA INSTALLATION,285000,CIP
188,Q465,LSP- DOMESTIC WATER HEATER,141664.07,CIP
189,R019,EXISTING BUILDING - ELECTRICAL SYSTEMS UPGRADE / EXISTING BUILDING - IPDVS UPGRADE / EXISTING BUILDING - FIRE ALARM UPGRADE,1559471,CIP
190,K258,ROOFS / EXTERIOR MASONRY,9588000,CIP
191,K485,EXTERIOR MASONRY / ROOFS,5400000,CIP
192,X129,PLAYGROUND UPGRADE / TCU REMOVAL/PLAYGROUND REDEVELOPMENT / PATH OF TRAVEL PLAYGROUND REDEVELOPMENT,3656919,CIP
193,M660,FY24 RESO A LOCKER ROOM UPGRADE / PATH OF TRAVEL RESO A LOCKER ROOM UPGRADE,439154,CIP
194,K137,FULL PROGRAM ACCESSIBILITY / FIRE ALARM REPLACEMENT,19137000,CIP
195,R456,NEW FIELDHOUSE BUILDING,24349500,CIP
196,M155,ELECTRIFICATION/HEAT PUMP SYSTEMS / WINDOWS / ROOFS / ELECTRICAL UPGRADE,27318000,CIP
197,K056,FY18 RESO A COURTYARD GREENHOUSE,3472000,CIP
198,K138,FIRE SPRINKLER,7216,CIP
199,Q262,DCAS ELECTRIFICATION/HEAT PUMP SYSTEMS / DCAS ROOFS / DCAS FIRE ALARM PANEL,12304000,CIP
200,M192,IPDVS CAMERA INSTALLATION / IPDVS CAMERA INSTALLATION / IPDVS CAMERA INSTALLATION,14760,CIP
201,K104,PLANYC BOILER CONVERSION / PLANYC CLIMATE CONTROL / COVID VENTILATION / COVID LOW VOLTAGE ELECTRICAL SYSTEMS / FLOOD ELIMINATION,23966000,CIP
202,K303,RESO A ROOM CONVERSION / PATH OF TRAVEL RESO A ROOM CONVERSION,1626000,CIP
203,M475,LL 26-EXIT SIGNS,144650.92,CIP
204,K082,New,63711000,CAP
205,K356,FY22 RESO A AUDITORIUM UPGRADE,457000,CIP
206,X111,IPDVS INSTALLATIONS / IPDVS INSTALLATIONS,334000,CIP
207,Q063,FLOOD ELIMINATION / ROOFS / WINDOWS / PARAPETS / EXTERIOR MASONRY,14913000,CIP
208,Q087,EXTERIOR MASONRY / ROOFS,5986344,CIP
209,K805,LSP VACUUM PUMP SET REPLACEMENT,37969,CIP
210,K025,PATH OF TRAVEL PLAY YARD,285000,CIP
211,K228,ROOFS / PARAPETS / EXTERIOR MASONRY / FLOOD ELIMINATION / WINDOWS,23300000,CIP
212,K722,EXTERIOR MASONRY / FLOOD ELIMINATION / ROOFS,4299786,CIP
213,K480,WATER HEATER REPLACEMENT,2595000,CIP
214,K284,SWIMMING POOL / FY20 RESO A  PATH OF TRAVEL PLAYGROUND UPGRADE / FY20 RESO A PLAYGROUND UPGRADE / ROOFS / PARAPETS / EXTERIOR MASONRY / WINDOWS / EXTERIOR DOORS / FLOOD ELIMINATION / PATH OF TRAVEL SWIMMING POOL,27211000,CIP
215,M646,EXTERIOR MASONRY- PERMANENT FIX / PARAPETS,3839000,CIP
216,K382,Demo,18165971,CAP
217,X455,FULL PROGRAM ACCESSIBILITY,11748000,CIP
218,K308,LOW-VOLTAGE ELECTRICAL SYSTEMS,3781000,CIP
219,K012,WALK-IN REFRIGERATORS AND FREEZERS,671993,CIP
220,M130,FY22 RESO A PLAYGROUND UPGRADE,478164,CIP
221,K106,EXTERIOR MASONRY / FLOOD ELIMINATION / ROOFS,12370000,CIP
222,Q071,FY19 RESO A PA SYSTEM UPGRADE / COVID VENTILATION / COVID FIRE ALARM REPLACEMENT,7965000,CIP
223,M490,AUDITORIUM FIRE SAFETY SYSTEM UPGRADE,1495000,CIP
224,Q440,SLATE ROOF TILES / FY23 RESO A AUDITORIUM UPGRADE,15700000,CIP
225,K380,FULL PROGRAM ACCESSIBILITY,11356000,CIP
226,Q088,LOW VOLTAGE ELECTRICAL SYSTEM,876800,CIP
227,Q263,EXTERIOR MASONRY / PARAPETS / ROOFS / RTU REPLACEMENT,10796000,CIP
228,Q109,EXTERIOR MASONRY / FLOOD ELIMINATION / ROOFS / WINDOWS,12400000,CIP
229,X024,EXTERIOR MASONRY / REINFORCING SUPPORT ELEMENTS,4339786,CIP
230,X650,IPDVS CAMERA INSTALLATION,230000,CIP
231,K044,FULL PROGRAM ACCESSIBILITY / PA SYSTEM REPLACEMENT,13664000,CIP
232,K218,EXTERIOR MASONRY,578000,CIP
233,R072,CERTIFICATE OF OCCUPANCY / CHILLER REPLACEMENT,9236000,CIP
234,X060,IPDVS INSTALLATIONS / IPDVS INSTALLATIONS,411000,CIP
235,M130,IPDVS INSTALLATIONS / IPDVS INSTALLATIONS,280000,CIP
236,K253,ELECTRICAL WORK FOR A/C INITIATIVE / LL26 CODE COMPLIANCE/EXIT SIGN REPLACEMENT,9020,CIP
237,M104,FY 21 RESO A (MA) FITNESS ROOM / PATH OF TRAVEL RESO A FITNESS ROOM,1199511,CIP
238,Q093,ACCESSIBILITY / WINDOWS / ROOFS / EXTERIOR MASONRY / PARAPETS,19726000,CIP
239,K084,FULL PROGRAM ACCESSIBILITY,9924000,CIP
240,Q633,FY24 RESO A WEIGHT ROOM,664442,CIP
241,X035,IPDVS INSTALLATIONS / IPDVS INSTALLATIONS,346000,CIP
242,M040,FY20 RESO A ACCESSIBILITY,518000,CIP
243,X405,VENTILATION @ X405,16480000,CIP
244,X167,IPDVS CAMERA INSTALLATION / IPDVS CAMERA INSTALLATION / IPDVS CAMERA INSTALLATION,763000,CIP
245,R034,HEATING PLANT UPGRADE (BOILER REPLACEMENT) / CLIMATE CONTROL,10446141,CIP
246,X072,EXTERIOR MASONRY / WINDOWS / PARAPETS,8875025,CIP
247,R470,FY23 RESO A ELECTRICAL UPGRADE,85820,CIP
248,K540,FY19 RESO A AUDITORIUM UPGRADE,8888000,CIP
249,K327,FIRE ALARM REPLACEMENT / ROOFS / PARAPETS / EXTERIOR MASONRY,9865000,CIP
250,X122,ELECTRICAL WORK FOR A/C INITIATIVE / LL26 CODE COMPLIANCE/EXIT SIGN REPLACEMENT,24407.53,CIP
251,M057,FULL PROGRAM ACCESSIBILITY,12461000,CIP
252,Q437,Lease,0,CAP
253,Q519,Lease,0,CAP
254,Q156,FY23 RESO A COMPUTER LAB UPGRADE / PATH OF TRAVEL RESO A COMPUTER LAB UPGRADE,464995,CIP
255,K167,COVID VENTILATION,5060000,CIP
256,X070,IPDVS INSTALLATIONS,331321.7,CIP
257,Q124,HVAC CHILLER SYSTEM / FIRE ALARM SYSTEM REPLACEMENT / VENTILATION,7440000,CIP
258,M143,WATER MAIN / BACKFLOW PREVENTION / LOW VOLTAGE ELECTRICAL SYSTEM / PUBLIC ADDRESS SYSTEM,2380000,CIP
259,K495,GYM BLEACHER REPLACEMENT / PATH OF TRAVEL GYM BLEACHER REPLACEMENT,645000,CIP
260,K021,PLANYC BOILER CONVERSION / PLANYC CLIMATE CONTROL,6880000,CIP
261,M465,WINDOWS / ROOFS / PARAPETS / EXTERIOR MASONRY,37627000,CIP
262,K202,ROOFS / PARAPETS / EXTERIOR MASONRY / FLOOD ELIMINATION / WINDOWS,25725725,CIP
263,M190,RESO A ROOFTOP PLAYGROUND,8582499,CIP
264,Q465,PAVED AREAS CONCRETE- SIDEWALKS & COURTYARD,2555000,CIP
265,Q203,FY24 RESO A IPDVS CAMERA INSTALLATION / IPDVS INSTALLATIONS,297555,CIP
266,M475,RPZ BACKFLOW PREVENTION DEVICES / LOW-VOLTAGE ELECTRICAL SYSTEM,3126000,CIP
267,K399,RTU REPLACEMENT / ROOFS / PARAPETS / WINDOWS / EXTERIOR MASONRY / STANDALONE DDC CONTROLS,8174000,CIP
268,X015,IPDVS INSTALLATIONS / IPDVS INSTALLATIONS,495995,CIP
269,Q116,Demo,4645600,CAP
270,K139,FY23 RESO A AUDITORIUM UPGRADE / PATH OF TRAVEL RESO A AUDITORIUM UPGRADE,648000,CIP
271,K171,LL 26-EXIT SIGNS,31870,CIP
272,X065,COVID VENTILATION,4420000,CIP
273,R006,BMS REPLACEMENT / MECHANICAL UNIT REPLACEMENT,13475000,CIP
274,Q510,New,59767000,CAP
275,K058,FY20 RESO A  PATH OF TRAVEL PLAYGROUND UPGRADE / FY20 RESO A PLAYGROUND UPGRADE,842111,CIP
276,X430,FIRE SPRINKLER SYSTEM,959485.25,CIP
277,Q017,ROOFS / EXTERIOR MASONRY / PARAPETS / WINDOWS,11821000,CIP
278,K275,FY23 RESO A AUDITORIUM UPGRADE,894951,CIP
279,X110,FULL PROGRAM ACCESSIBILITY / FIRE ALARM / PARAPETS / EXTERIOR MASONRY,14690000,CIP
280,Q129,EXTERIOR MASONRY / ROOFS / PARAPETS,9358000,CIP
281,Q040,ROOF REPLACEMENT / WINDOWS,13678000,CIP
282,K313,ELECTRIFICATION/HEAT PUMP SYSTEMS / ELECTRICAL SERVICE UPGRADE / ROOFS / FIRE ALARM,25464000,CIP
283,K209,TCU REMOVAL/PLAYGROUND REDEVELOPMENT,2794000,CIP
284,M090,COVID VENTILATION / LOW VOLTAGE ELECTRICAL SYSTEM / COVID CLIMATE CONTROL / EXTERIOR MASONRY / WINDOWS / PARAPETS / ROOFS / SITE WORK / REINFORCING SUPPORT ELEMENTS,33211000,CIP
285,K017,CERTIFICATE OF OCCUPANCY / FIRE ALARM SYSTEM REPLACEMENT,17518000,CIP
286,Q198,ROOFS / EXTERIOR MASONRY / PARAPETS,8331000,CIP
287,X146,IPDVS INSTALLATIONS / IPDVS INSTALLATIONS,398000,CIP
288,X113,AUDITORIUM UPGRADE / PATH OF TRAVEL AUDITORIUM UPGRADE,1950000,CIP
289,M485,RPZ BACKFLOW PREVENTION DEVICES / FIRE SPRINKLER SYSTEM,1997798,CIP
290,K071,WATER INFILTRATION,1499000,CIP
291,M009,RPZ BACKFLOW PREVENTION DEVICES / PLANYC BOILER CONVERSION / PLANYC CLIMATE CONTROL,6717000,CIP
292,Q336,FY22 RESO A PLAYGROUND UPGRADE / RESO A EXTERIOR DOOR,579065,CIP
293,Q140,IPDVS INSTALLATIONS,110489.19,CIP
294,Q080,IPDVS INSTALLATIONS / IPDVS INSTALLATIONS,391000,CIP
295,X075,COVID VENTILATION,3455000,CIP
296,X155,ROOFS / EXTERIOR MASONRY / PARAPETS,13589200,CIP
297,Q007,TCU REMOVAL/PLAYGROUND REDEVELOPMENT,2765000,CIP
298,Q049,FLOOD ELIMINATION / PARAPETS / ROOFS / EXTERIOR MASONRY,6978000,CIP
299,R060,LSP REPLACE UNIVENTS,355900,CIP
300,Q452,CULINARY ARTS ROOM,2180000,CIP
301,Q118,FLOOD ELIMINATION / ROOFS / PARAPETS / EXTERIOR MASONRY,15600000,CIP
302,Q595,TCU REMOVAL AND PLAYGROUND REDEVELOPMENT / ROOFS / PARAPETS / EXTERIOR MASONRY / WINDOWS / FLOOD ELIMINATION,14570000,CIP
303,M911,FLOOD ELIMINATION / ROOFS / PARAPETS / EXTERIOR MASONRY,7578786,CIP
304,X104,FULL PROGRAM ACCESSIBILITY / ROOFS / PARAPETS / EXTERIOR MASONRY / WINDOWS,21898000,CIP
305,KBUH,ACS EARLY LEARN LEASE IMPROVEMENT / PATH OF TRAVEL,1835354,CIP
306,K430,LOW VOLTAGE ELECTRICAL SYSTEM / KITCHEN FIRE SUPRESSION SYSTEM,4291000,CIP
307,K262,FY23 RESO A PLAYGROUND UPGRADE / PATH OF TRAVEL RESO A PLAYGROUND UPGRADE,1350000,CIP
308,Q079,PLANYC CLIMATE CONTROL / PLANYC BOILER CONVERSION,7872000,CIP
309,R030,FIRE ALARM SYSTEM,505000,CIP
310,Q137,LSP DOMESTIC WATER HEATER REPLACEMENT,165074.9,CIP
311,Q470,LSP DOMESTIC WATER HEATER,12107.82,CIP
312,X140,OTHER TEMP STRUCTURE REMOVAL/PLAYGROUND REDEVELOPMENT / PATH OF TRAVEL-OTHER TEMP STRUCTURE REMOVAL/PLAYGROUND REDEVELOPMENT,2876000,CIP
313,K857,ELEVATOR MODERNIZATION / FIRE ALARM SYSTEM REPLACEMENT / ELECTRICAL SYSTEMS,3540600,CIP
314,Q227,PA SYSTEM REPLACEMENT,1380000,CIP
315,K162,LL 26-EXIT SIGNS,55103,CIP
316,Q181,FY24 RESO A GYMNASIUM UPGRADE / PATH OF TRAVEL RESO A GYMNASIUM UPGRADE,463925,CIP
317,Q908,ELECTRICAL WORK FOR A/C INITIATIVE,66467.99,CIP
318,M185,IPDVS FULL CAMERA UPGRADE / IPDVS FULL CAMERA UPGRADE / IPDVS INSTALLATION,539000,CIP
319,K668,Lease,8770000,CAP
320,K198,FY24 RESO A (MA) CAFETERIA UPGRADE / PATH OF TRAVEL RESO A (MA) CAFETERIA UPGRADE,701000.5,CIP
321,M137,IPDVS INSTALLATIONS / IPDVS INSTALLATIONS / IPDVS INSTALLATIONS,675000,CIP
322,X521,Lease,0,CAP
323,M079,IPDVS INSTALLATIONS,385048.3,CIP
324,K178,FLOOD ELIMINATION / PARAPETS / EXTERIOR MASONRY,9597000,CIP
325,Q150,LSP DOMESTIC WATER HEATER,222200,CIP
326,K148,FULL PROGRAM ACCESSIBILITY / FIRE ALARM SYSTEM REPLACEMENT,15049000,CIP
327,X131,FY23 RESO A SCIENCE LAB UPGRADE / PATH OF TRAVEL RESO A SCIENCE LAB UPGRADE / FY23 RESO A AUDITORIUM UPGRADE,1776000,CIP
328,Q173,ROOFS / PARAPETS / EXTERIOR MASONRY,6324000,CIP
329,X004,RNWL SBHC / RNWL SBHC- ELECTRICAL UPGRADE / STH SBHC- MENTAL HEALTH SUITE,6248000,CIP
330,M460,COVID VENTILATION / COVID CLIMATE CONTROL / COVID LOW VOLTAGE ELECTRICAL SYSTEM,19820000,CIP
331,Q055,IPDVS INSTALLATIONS / IPDVS INSTALLATIONS,290000,CIP
332,X117,PLANYC BOILER CONVERSION / PLANYC CLIMATE CONTROL,7414000,CIP
333,K095,PLANYC BOILER CONVERSION / PLANYC CLIMATE CONTROL / ELECTRICAL SYSTEMS / LOW VOLTAGE ELECTRICAL SYSTEM,10820000,CIP
334,M008,LSP HOT WATER HEATER REPLACEMENT,249000,CIP
335,Q020,LSP DOMESTIC WATER HEATER REPLACEMENT,164772.82,CIP
336,K320,ROOFS / PARAPETS / EXTERIOR MASONRY,11975025,CIP
337,X149,PLANYC BOILER CONVERSION / PLANYC CLIMATE CONTROL / LOW-VOLTAGE ELECTRICAL,7564000,CIP
338,Q042,SANDY- INTERIOR SPACES / SANDY - HEATING PLANT / SANDY- FLOOD ELIMINATION / NON SANDY CLIMATE CONTROL / SANDY- SANITARY / STORM PIPING / SANDY- HVAC / ELECTRICAL LIGHTING FIXTURES / SANDY- ELECTRICAL SYSTEMS,15125767,CIP
339,K119,IPDVS INSTALLATIONS / IPDVS INSTALLATIONS,325000,CIP
340,K262,PLANYC CLIMATE CONTROL / PLANYC BOILER CONVERSION / LOW-VOLTAGE ELECTRICAL SYSTEM,8928000,CIP
341,M044,ROOFS / PARAPETS / EXTERIOR MASONRY / WINDOWS,19200000,CIP
342,X981,ROOFS / MECHANICAL EQUIPMENT REPLACEMENT / EXTERIOR MASONRY / PARAPETS / ROOFS,21441000,CIP
343,K033,FY22 RESO A GYMNASIUM UPGRADE,372000,CIP
344,Q119,LSP REPLACEMENT OF GAS FIRED WATER HEATER,89300,CIP
345,R052,ROOFS / EXTERIOR MASONRY / PARAPETS / PAVED AREA- BLACKTOP,6244000,CIP
346,K204,IPDVS INSTALLATIONS / IPDVS INSTALLATIONS,379950,CIP
347,Q095,LSP DOMESTIC WATER HEATER,171058.92,CIP
348,Q410,EXTERIOR MASONRY / FLOOD ELIMINATION,3996786,CIP
349,X183,WALK-IN REFRIGERATORS AND FREEZERS,595000,CIP
350,Q455,LSP HOT WATER HEATER REPLACEMENT,231070.86,CIP
351,Q029,ROOFS / PARAPETS / WINDOWS / EXTERIOR MASONRY,9950000,CIP
352,Q222,IPDVS INSTALLATIONS / IPDVS INSTALLATIONS / IPDVS INSTALLATIONS,345000,CIP
353,Q086,IPDVS INSTALLATIONS,197999.09,CIP
354,Q216,EXISTING BUILDING WORK-IPDVS / EXISTING BUILDING WORK-ELECTRICAL SYSTEMS,5151148,CIP
355,Q043,AIR CONDITIONING SPLIT SYSTEM / WINDOWS / CLIMATE CONTROL / EXTERIOR MASONRY,14084000,CIP
356,Q147,ROOFS / PARAPETS / EXTERIOR MASONRY / ROOF REPLACEMENT,6497423,CIP
357,Q450,COVID VENTILATION / COVID FIRE ALARM SYSTEM REPLACEMENT / AUDITORIUM SEAT UPGRADE / PATH OF TRAVEL AUDITORIUM SEAT UPGRADE,8565200,CIP
358,Q113,EXTERIOR MASONRY / ROOFS,3645000,CIP
359,K236,ELECTRICAL WORK FOR A/C INITIATIVE / LL26 CODE COMPLIANCE/EXIT SIGN REPLACEMENT,10824,CIP
360,Q505,FIRE PROTECTION PLAN,2097000,CIP
361,K069,FY24 RESO A AUDITORIUM UPGRADE,580000,CIP
362,Q190,TEMPORARY OIL TANK @Q190,245650,CIP
363,X093,IPDVS INSTALLATIONS / IPDVS INSTALLATIONS,308000,CIP
364,M149,ROOFS / WINDOWS / EXTERIOR MASONRY / PARAPETS,10445000,CIP
365,Q226,RTU REPLACEMENT / ROOFS,6864000,CIP
366,Q485,LSP DOMESTIC WATER HEATER,12764.41,CIP
367,Q073,LOW VOLT ELECTRICAL SYSTEMS,925000,CIP
368,R024,FLOOD ELIMINATION / GYM ROOF,2490500,CIP
369,Q238,PARAPETS / EXTERIOR MASONRY / WINDOWS / PLAYGROUND REDEVELOPMENT,20840013,CIP
370,Q002,FLOOD ELIMINATION / PARAPETS / ROOFS / EXTERIOR MASONRY,8313000,CIP
371,K184,ELECTRICAL WORK FOR A/C INITIATIVE,14432,CIP
372,X415,FY24 RESO A KITCHEN UPGRADE / PATH OF TRAVEL RESO A KITCHEN UPGRADE,535000,CIP
373,Q811,LL 41/16 COMPLIANCE (004961) / LL 41/16 COMPLIANCE (004964) / LL 41/16 COMPLIANCE (004966) / LL 41/16 COMPLIANCE (004967) / LL 41/16 COMPLIANCE (004968) / LL 41/16 COMPLIANCE (004969) / LL 41/16 COMPLIANCE (004970) / LL 41/16 COMPLIANCE (004971) / LL 41/,1798106.71,CIP
374,M514,Lease,16555000,CAP
375,K128,RPZ BACKFLOW PREVENTION DEVICES,1198000,CIP
376,Q133,IPDVS INSTALLATIONS / IPDVS INSTALLATIONS,359400,CIP
377,Q593,Lease,0,CAP
378,R600,IPDVS CAMERA INSTALLATION / IPDVS CAMERA INSTALLATION / IPDVS CAMERA INSTALLATION,526000,CIP
379,M118,RPZ BACKFLOW PREVENTION DEVICES,1331000,CIP
380,Q060,EXTERIOR MASONRY,1485000,CIP
381,Q164,ROOFS / PARAPETS / EXTERIOR MASONRY / WINDOWS,15549000,CIP
382,K138,FLOOD ELIMINATION / PARAPETS / EXTERIOR MASONRY / ROOFS,7693030,CIP
383,K024,PARAPETS / DOORS,1469786,CIP
384,K127,EXTERIOR MASONRY / ROOFS / PLANYC BOILER CONVERSION / PLANYC CLIMATE CONTROL / PHASE 3 VOLUNTARY ADA/ROOM CONVERSION WORK / PARAPETS / WINDOWS,25625000,CIP
385,M048,FIRE ALARM / ELECTRIFICATION/HEAT PUMP SYSTEMS / WINDOWS / ELECTRICAL SERVICE UPGRADE,45785000,CIP
386,K292,ROOFS / EXTERIOR MASONRY,5400000,CIP
387,K090,IPDVS INSTALLATIONS / IPDVS INSTALLATIONS,397980,CIP
388,K303,RESO A ROOM CONVERSIONS / PARTITIONING / PATH OF TRAVEL RESO A ROOM CONVERSIONS/PARTITIONING,1398000,CIP
389,X024,ELECTRICAL WORK FOR A/C INITIATIVE,5020.17,CIP
390,K134,Demo,1859000,CAP
391,K356,IPDVS CAMERA INSTALLATION / IPDVS INSTALLATION,418900,CIP
392,Q209,ROOFS / PARAPETS / WINDOWS / EXTERIOR MASONRY / PLAYGROUND,15800000,CIP
393,M088,CHILLER REPLACEMENT / FIRE ALARM REPLACEMENT / BMS UPGRADE,15766000,CIP
394,X049,IPDVS INSTALLATIONS / IPDVS INSTALLATIONS,471000,CIP
395,K224,EXTERIOR MASONRY / PARAPETS / FLOOD ELIMINATION / ROOFS / AIR CONDENSING UNIT,11224000,CIP
396,Q063,LSP DOMESTIC WATER HEATER REPLACEMENT,175157.82,CIP
397,K804,ROOFS / PARAPETS / EXTERIOR MASONRY / FLOOD ELIMINATION,4749000,CIP
398,X456,PATH OF TRAVEL RESO A ATHLETIC FIELD / FY22 RESO A ATHLETIC FIELD UPGRADE,8739951,CIP
399,Q101,IPDVS INSTALLATIONS / IPDVS INSTALLATIONS,401000,CIP
400,Q244,ELECTRIFICATION/HEAT PUMP SYSTEMS / ROOFS,8123000,CIP
401,R119,PHASE II RENOVATIONS / PATH OF TRAVEL WORK FOR R119 LEASED SITE (LLWS 124434 & 126879),2613650,CIP
402,M164,ROOFS / PARAPETS / EXTERIOR MASONRY,7735000,CIP
403,Q123,FLOOD ELIMINATION / ROOFS / PARAPETS / EXTERIOR MASONRY / WINDOWS,23910000,CIP
404,Q430,RPZ VALVES / FIRE ALARM,2418000,CIP
405,Q089,FIRE ALARM REPLACEMENT / VENTILATION / ROOFS / AIR HANDLING UNITS / WINDOWS / FLOOD ELIMINATION / EXTERIOR MASONRY,17470000,CIP
406,R455,WATER INFILTRATION IN OIL TANK ROOM / PLANYC CLIMATE CONTROL / PLANYC BOILER CONVERSION,12699000,CIP
407,X027,COVID VENTILATION,7695000,CIP
408,Q143,FLOOD ELIMINATION / ROOFS / PARAPETS / WINDOWS / EXTERIOR MASONRY / AIR CONDITIONING UNIT (RTU) / HEATING SYSTEM UPGRADE / ROOM CONVERSIONS,32990000,CIP
409,Q273,ELECTRIFICATION/HEAT PUMP SYSTEMS,6475600,CIP
410,Q722,FY22 RESO A CAFETERIA UPGRADE / PATH OF TRAVEL RESO A CAFETERIA UPGRADE,1005000,CIP
411,X153,WINDOWS / EXTERIOR MASONRY / FLOOD ELIMINATION / ROOFS / PARAPETS / RTU REPLACEMENT / FIRE ALARM SYSTEM REPLACEMENT,24207000,CIP
412,X655,BATHROOM UPGRADES / GYM UPGRADE,3775000,CIP
413,X400,LSP LIGHTING UPGRADE,502500,CIP
414,K505,COVID VENTILATION / STH SBHC / FIRE ALARM SYSTEM REPLACEMENT / CLIMATE CONTROL / PATH OF TRAVEL STH SBHC,17848000,CIP
415,M197,FULL PROGRAM ACCESSIBILITY / LOW VOLTAGE ELECTRICAL SYSTEMS,21043000,CIP
416,R044,COVID VENTILATION / COVID VENTILATION- CLIMATE CONTROL,3996000,CIP
417,Q189,LOW VOLTAGE ELECTRICAL SYSTEM,900000,CIP
418,M465,HEATING PLANT UPGRADE (BOILER REPLACEMENT),17408219.42,CIP
419,Q071,LSP HOT WATER HEATER REPLACEMENT,233000,CIP
420,M477,COOLING TOWER REPLACEMENT / VENTILATION / LOW VOLTAGE ELECTRICAL SYSTEM / BMS UPGRADE,11156000,CIP
421,X071,KITCHEN EXHAUST REPLACEMENT / TCU REMOVAL/PLAYGROUND REDEVELOPMENT / EXTERIOR MASONRY / FULL PROGRAM ACCESSIBILITY / LOW-VOLTAGE ELECTRICAL SYSTEM / WINDOWS / PARAPETS / ROOFS / FLOOD ELIMINATION,39543411,CIP
422,K172,COVID VENTILATION,306113,CIP
423,Q508,New,84621000,CAP
424,Q511,New,47606000,CAP
425,K154,ROOFS,1360000,CIP
426,K346,ELECTRICAL WORK FOR A/C INITIATIVE / LL26 CODE COMPLIANCE/EXIT SIGN REPLACEMENT,20204.8,CIP
427,R122,New,66875000,CAP
428,X115,SWIMMING POOL / EXTERIOR MASONRY @ X115 / WINDOWS / GYM FLOOR REPLACEMENT,7824000,CIP
429,K167,FY24 RESO A ROOM CONVERSION / PATH OF TRAVEL RESO A ROOM CONVERSION,291861,CIP
430,R032,FACADE RESTORATION,1685000,CIP
431,K415,RESO A- CULINARY ARTS KITCHEN / PATH OF TRAVEL RESO A KITCHEN UPGRADE / FIRE ALARM SYSTEM REPLACEMENT,6067000,CIP
432,K015,ROOFS / WINDOWS / EXTERIOR MASONRY / FULL PROGRAM ACCESSIBILITY,17924068.17,CIP
433,Q134,WATER PENETRATION / EXTERIOR MASONRY / FULL PROGRAM ACCESSIBILITY / PARAPETS,24888000,CIP
434,K193,FULL PROGRAM ACCESSIBILITY / LOW VOLTAGE ELECTRICAL SYSTEM / PARAPETS / EXTERIOR MASONRY / ROOFS,21847000,CIP
435,Q460,FY24 RESO A LIBRARY UPGRADE / PATH OF TRAVEL RESO A LIBRARY UPGRADE,1427000,CIP
436,K490,REPLACE 6' FIRE DOMESTIC WATER MAIN VALVES,594450,CIP
437,Q095,Addition,47953398,CAP
438,M520,VENTILATION @ M520 / AUDITORIUM CEILING REPLACEMENT,7119000,CIP
439,Q138,EXTERIOR MASONRY / WINDOWS / PARAPETS / ROOFS / FLOOD ELIMINATION,24200000,CIP
440,K155,WATER INFILTRATION / CRACKED MASONRY / ROOF LEAKS / HEATING PLANT UPGRADE / ELECTRICAL SYSTEMS / DOMESTIC PIPING / WINDOWS,20470000,CIP
441,M125,PLANYC CLIMATE CONTROL / PLANYC BOILER CONVERSION / VENTILATION / FIRE ALARM SYSTEM REPLACEMENT,21791000,CIP
442,R013,FLOOD ELIMINATION / ROOFS / PARAPETS / WINDOWS / EXTERIOR MASONRY / CHILLER REPLACEMENT,11004326,CIP
443,Q161,FY23 RESO A IPDVS CAMERA INSTALLATION,218010.97,CIP
444,Q140,LSP- DOMESTIC HOT WATER HEATER,271744.76,CIP
445,X067,FLOOD ELIMINATION / ROOFS / PARAPETS / WINDOWS / EXTERIOR MASONRY / TCU REMOVAL/PLAYGROUND REDEVELOPMENT / PAVED AREAS- CONCRETE / CAFETERIA FLOOR REPLACEMENT,20967450,CIP
446,Q124,PLANYC BOILER CONVERSION / PLANYC CLIMATE CONTROL,5414000,CIP
447,X206,IPDVS INSTALLATIONS / IPDVS INSTALLATIONS / IPDVS INSTALLATIONS,715000,CIP
448,K188,COVID VENTILATION,4820000,CIP
449,M465,SWIMMING POOLS / LOW VOLTAGE ELECTRICAL SYSTEM,21673000,CIP
450,Q465,SWIMMING POOL / LOW VOLTAGE ELECTRICAL SYSTEMS,15400000,CIP
451,K201,GYM FLOOR REPLACEMENT / PATH OF TRAVEL GYM FLOOR REPLACEMENT,967000,CIP
452,M176,WALK-IN REFRIGERATORS AND FREEZERS,531000,CIP
453,R011,PA SYSTEM REPLACEMENT,513000,CIP
454,Q216,Addition,58917852,CAP
455,R113,Lease,0,CAP
456,X105,EXISTING BUILDING-AUDITORIUM / EXISTING BUILDING-GYMNASIUM / EXISTING BUILDING-INTERIOR RENOVATIONS / EXISTING BUILDING-FIRE ALARM WORK / EXISTING BUILDING-ELECTRICAL SYSTEMS / PARAPETS / EXTERIOR MASONRY,13223450,CIP
457,R450,COVID VENTILATION,3628000,CIP
458,K430,PLANYC BOILER CONVERSION / PLANYC CLIMATE CONTROL,24193000,CIP
459,R030,IPDVS INSTALLATIONS,228634.14,CIP
460,X142,FY24 RESO A GYMNASIUM UPGRADE / PATH OF TRAVEL RESO A GYMNASIUM UPGRADE,1676000,CIP
461,X073,FULL PROGRAM ACCESSIBILITY / LOW VOLTAGE ELECTRICAL SYSTEMS,15777000,CIP
462,Q136,LSP HOT WATER HEATER REPLACEMENT,255972.86,CIP
463,Q610,IDA FLOOD ELIMINATION / IDA HEATING PLANT UPGRADE / NON-IDA CLIMATE CONTROL / IDA INTERIOR SPACES,13906000,CIP
464,K460,MASONRY,2997786,CIP
465,K012,ROOFS / PARAPETS / WINDOWS / EXTERIOR MASONRY / FENCING,13700000,CIP
466,K106,LSP DOMESTIC WATER HEATER,207825,CIP
467,K415,FY24 RESO A ROOM CONVERSION / FY24 RESO A ROOM CONVERSION / PATH OF TRAVEL RESO A ROOM CONVERSION / PATH OF TRAVEL RESO A ROOM CONVERSION,563000,CIP
468,K222,IPDVS CAMERA INSTALLATION / IPDVS CAMERA INSTALLATION,487000,CIP
469,Q108,PA SYSTEM REPLACEMENT,743995,CIP
470,K324,WALK-IN REFRIGERATORS AND FREEZERS,615123,CIP
471,Q434,New,45475000,CAP
472,M218,FLOOD ELIMINATION / ELECTRIFICATION/HEAT PUMP SYSTEMS / EXTERIOR MASONRY / PARAPETS / ROOFS / LOW VOLTAGE ELECTRICAL SYSTEM / ELECTRICAL SERVICE UPGRADE / WINDOWS / LIGHTING UPGRADE,66929000,CIP
473,Q220,FLOOD ELIMINATION / PLANYC BOILER CONVERSION / PLANYC CLIMATE CONTROL,6120000,CIP
474,K022,WALK-IN REFRIGERATORS AND FREEZERS,555000,CIP
475,M143,FACADE REMEDIATION @ M143 / WINDOWS,25645000,CIP
476,M502,Demo,1730400,CAP
477,M521,DEMOLITION OF EXISTING FIELD HOUSE,683000,CIP
478,M131,INTERIOR SPACES- WALL REPAIR,253792,CIP
479,K001,FULL PROGRAM ACCESSIBILITY / ROOFS / FIRE ALARM SYSTEM REPLACEMENT,10155000,CIP
480,Q134,LSP- DOMESTIC HOT WATER HEATER,33744.76,CIP
481,K834,FY21 RESO A PLAYGROUND UPGRADE,651000,CIP
482,Q174,EXISTING BUILDING-PA/CLOCK SYSTEMS / EXISTING BUILDING-FIRE ALARM SYSTEM / EXISTING BUILDING- INTERIOR RENOVATIONS / EXISTING BUILDING-AUDITORIUM / EXISTING BUILDING-GYMNASIUM / ELECTRICAL SERVICE UPGRADE / ELECTRIFICATION/HEAT PUMP SYSTEMS / PARAPETS /,25210000,CIP
483,X012,FY23 RESO A LIBRARY UPGRADE / PATH OF TRAVEL RESO A LIBRARY UPGRADE,464000,CIP
484,K152,HVAC UPGRADE / FY23 RESO A PLAYGROUND UPGRADE / ROOFS / EXTERIOR MASONRY / WINDOWS / PARAPETS / FLOOD ELIMINATION / PAVED AREA- CONCRETE / BMS UPGRADE,39400000,CIP
485,Q620,FY21 RESO A SCIENCE LAB UPGRADE / PATH OF TRAVEL RESO A SCIENCE LAB UPGRADE,887000,CIP
486,Q053,WALK-IN REFRIGERTAORS AND FREEZERS,582929,CIP
487,X496,Demo,4171000,CAP
488,Q014,LSP- DOMESTIC WATER HEATER,191578.18,CIP
489,M040,FLOOD ELIMINATION / PARAPETS / EXTERIOR MASONRY / WINDOWS / ROOFS,31943000,CIP
490,K291,IDA FLOOD ELIMINATION / PATH OF TRAVEL NON-IDA FLOOD ELIMINATION / IDA INTERIOR SPACES,7134750,CIP
491,X455,EXTERIOR MASONRY / ROOFS / WINDOWS,18600000,CIP
492,X049,FULL PROGRAM ACCESSIBILITY / LOW VOLTAGE ELECTRICAL SYSTEM,15700000,CIP
493,K193,LSP PVI DOMESTIC WATER HEATER,11119.9,CIP
494,Q486,LSP HOT WATER HEATER,119100,CIP
495,M057,IPDVS INSTALLATIONS / IPDVS INSTALLATIONS / IPDVS INSTALLATIONS,605000,CIP
496,Q098,FY20 RESO A SUPPLEMENTAL COOLING,410000,CIP
497,K045,PLANYC BOILER CONVERSION / PLANYC CLIMATE CONTROL,7899600,CIP
498,K164,EXTERIOR MASONRY / ROOFS / PARAPETS,6974000,CIP
499,Q420,COVID VENTILATION / FY21 RESO A SUPPLEMENTAL COOLING / COVID FIRE ALARM SYSTEM REPLACEMENT,7654000,CIP
500,R082,STEAM PIPE REPLACEMENT,753000,CIP
501,Q162,PLAYGROUND REDEVELOPMENT / PATH OF TRAVEL PLAYGROUND REDEVELOPMENT / FLOOD ELIMINATION,2118000,CIP
502,K197,PERM FIX- REINFORCING SUPPORT ELEMENTS @ K197,1340000,CIP
503,X182,ELECTRICAL WORK FOR A/C INITIATIVE,3881.67,CIP
504,M189,FLOOD ELIMINATION / ROOFS / PARAPETS / EXTERIOR MASONRY / PLAYGROUND,11745000,CIP
505,K183,COVID VENTILATION,4195000,CIP
506,X079,FY19 RESO A IPDVS CAMERA INSTALLATION,222500,CIP
507,K101,IPDVS CAMERA INSTALLATION / RESO A IPDVS SYSTEM,370000,CIP
508,Q452,CRACKED PARAPETS / FLOOD ELIMINATION / EXTERIOR MASONRY / ROOFS,21700000,CIP
509,K252,FLOOD ELIMINATION,3234688,CIP
510,K395,LSP REPLACE LEAKING PVI DOMESTIC WATER HEATER,11119.9,CIP
511,X007,PERM FIX- RETAINING WALL @ X007,1162151.86,CIP
512,M446,EXTERIOR MASONRY / FLOOD ELIMINATION / WINDOWS / ROOFS,13392000,CIP
513,K039,FY24 RESO A ELECTRICAL UPGRADE,168700,CIP
514,R022,FLOOD ELIMINATION / ROOFS / PARAPETS / EXTERIOR MASONRY,10725025,CIP
515,M126,ROOFS / PARAPETS / WINDOWS / EXTERIOR MASONRY,26926890,CIP
516,K278,ELECTRICAL WORK FOR A/C INITIATIVE,8891.59,CIP
517,M090,WALK-IN REFRIGERATORS AND FREEZERS,747000,CIP
518,M646,ELECTRICAL WORK FOR A/C INITIATIVE,10495.01,CIP
519,K031,FULL PROGRAM ACCESSIBILITY,15988000,CIP
520,Q130,DOMESTIC WATER HEATER REPLACEMENT / PLANYC CLIMATE CONTROL / PLANYC BOILER CONVERSION,7947000,CIP
521,K382,New,107403000,CAP
522,K304,FULL PROGRAM ACCESSIBILITY / FIRE ALARM SYSTEM REPLACEMENT,13924000,CIP
523,R023,FY23 RESO A GYMNASIUM UPGRADE / PATH OF TRAVEL RESO A GYMNASIUM UPGRADE,408000,CIP
524,K860,BOILER REPLACEMENT,3256000,CIP
525,Q063,RTU REPLACEMENT,1987000,CIP
526,X147,WALK-IN REFRIGERATORS AND FREEZERS,494950,CIP
527,Q578,Demo,3873707,CAP
528,Q227,FY20 RESO A SCIENCE LAB UPGRADES,2100000,CIP
529,M480,FY23 RESO A LOCKER ROOM UPGRADE / PATH OF TRAVEL RESO A LOCKER ROOM UPGRADE,2470000,CIP
530,K072,ELECTRICAL WORK FOR A/C INITIATIVE,4510,CIP
531,Q183,FY19 RESO A PLAYGROUND / PATH OF TRAVEL RESO A PLAYGROUND,979000,CIP
532,K650,FIRE ALARM SYSTEM,1888760,CIP
533,K384,LL 26-EXIT SIGNS,80059.32,CIP
534,K231,RPZ BACKFLOW PREVENTION DEVICES,2298000,CIP
535,Q158,ELECTRICAL WORK FOR A/C INITIATIVE / LOW VOLTAGE ELECTRICAL / LL26 CODE COMPLIANCE/EXIT SIGN REPLACEMENT,2066000,CIP
536,X123,WATER INFILTRATION / PLANYC BOILER CONVERSION / PLANYC CLIMATE CONTROL,6864000,CIP
537,X156,IPDVS INSTALLATIONS / IPDVS INSTALLATIONS,448000,CIP
538,Q030,FY24 RESO A GYMNASIUM UPGRADE / FY24 RESO A ROOM CONVERSION / PATH OF TRAVEL RESO A GYMNASIUM UPGRADE,1310000,CIP
539,X062,WINDOWS / FULL PROGRAM ACCESSIBILITY,18595000,CIP
540,M134,IPDVS INSTALLATIONS / IPDVS INSTALLATIONS,385000,CIP
541,Q051,IPDVS INSTALLATIONS / IPDVS INSTALLATIONS,263000,CIP
542,Q203,PLANYC BOILER CONVERSION / PLANYC CLIMATE CONTROL,6575000,CIP
543,R061,PAVED AREA- BLACKTOP / PATH OF TRAVEL PAVED AREA- BLACKTOP,644060,CIP
544,M052,EXTERIOR MASONRY / ROOFS / WINDOWS / PARAPETS / FLOOD ELIMINATION,18692000,CIP
545,X118,OTHER TEMP STRUCTURE REMOVAL/PLAYGROUND REDEVELOPMENT,3420000,CIP
546,M107,IPDVS INSTALLATIONS / IPDVS INSTALLATIONS / IPDVS INSTALLATIONS,495000,CIP
547,Q118,LSP DOMESTIC WATER HEATER REPLACEMENT,167718.72,CIP
548,Q093,FY24 RESO A ROOM CONVERSION,359000,CIP
549,X065,IPDVS INSTALLATIONS / IPDVS INSTALLATIONS,405000,CIP
550,K086,ROOFS / EXTERIOR MASONRY / FLOOD ELIMINATION,5589919,CIP
551,Q172,ROOFS / PARAPETS / EXTERIOR MASONRY / WINDOWS,15188000,CIP
552,KBOR,ACS EARLY LEARN LEASE IMPROVEMENT,2532588,CIP
553,Q151,LSP DOMESTIC WATER HEATER REPLACEMENT,136125.92,CIP
554,K147,IPDVS INSTALLATIONS / IPDVS INSTALLATIONS,339500,CIP
555,X036,ELECTRICAL WORK FOR A/C INITIATIVE,5455.09,CIP
556,K239,EXTERIOR MASONRY / WINDOWS / PARAPETS / ROOFS / FLOOD ELIMINATION,27000000,CIP
557,R004,CHILLER COMPRESSOR REPLACEMENT,3930000,CIP
558,Q190,PLANYC CLIMATE CONTROL / PLANYC BOILER CONVERSION,7969000,CIP
559,K057,PARAPETS / EXTERIOR MASONRY / WINDOWS / PAVED AREAS- CONCRETE,7661000,CIP
560,Q038,FLOOD ELIMINATION / ROOFS / PARAPETS / EXTERIOR MASONRY / HVAC / CLASSROOM AIR HANDLING UNITS / WINDOWS,14293000,CIP
561,X111,FLOOD ELIMINATION / EXTERIOR MASONRY / ROOFS,5950000,CIP
562,Q485,EXTERIOR MASONRY / EXTERIOR DOORS,2979000,CIP
563,Q080,FLOOD ELIMINATION / PLANYC CLIMATE CONTROL / PLANYC BOILER CONVERSION / PA SYSTEM REPLACEMENT,8276000,CIP
564,K018,IPDVS INSTALLATIONS / IPDVS INSTALLATIONS,347000,CIP
565,K302,FULL PROGRAM ACCESSIBILITY / FIRE ALARM SYSTEM REPLACEMENT,8723919,CIP
566,K312,FY23 RESO A LIBRARY UPGRADE,550072.14,CIP
567,X167,WALK-IN REFRIGERATORS AND FREEZERS,619365,CIP
568,Q200,ROOFS / PARAPETS / EXTERIOR MASONRY,7500000,CIP
569,X426,ATHLETIC FIELD / FIELD HOUSE,17463000,CIP
570,R440,REINFORCING SUPPORT ELEMENTS,1770000,CIP
571,Q405,FY19 RESO A ROOM CONVERSION,978000,CIP
572,K162,IPDVS CAMERA INSTALLATION,163300,CIP
573,K210,ROOFS / EXTERIOR MASONRY / WINDOWS / FLOOD ELIMINATION / PARAPETS,17384000,CIP
574,K095,EXTERIOR MASONRY / ROOFS,2567700,CIP
575,M019,PLANYC BOILER CONVERSION / PLANYC CLIMATE CONTROL,6866000,CIP
576,Q008,DCAS ROOFS / DCAS ELECTRIFICATION/HEAT PUMP SYSTEMS / FLOOD ELIMINATION / PARAPETS / EXTERIOR MASONRY / DCAS FIRE ALARM / DCAS ELECTRICAL UPGRADE / DCAS LIGHTING UPGRADE,56400000,CIP
577,X886,HEATING PLANT UPGRADE (BOILER REPLACEMENT) / LOW VOLTAGE ELECTRICAL SYSTEM,6480988,CIP
578,X425,COVID VENTILATION,6420000,CIP
579,Q455,ELECTRICAL WORK FOR A/C INITIATIVE / LSP LL26 CODE COMPLIANCE/EXIT SIGN REPLACEMENT,1180000,CIP
580,Q080,FY23 RESO A MULTIMEDIA CENTER / PATH OF TRAVEL RESO A MULTIMEDIA CENTER,540000,CIP
581,K131,IPDVS INSTALLATIONS,283425.38,CIP
582,M164,SCIENCE LAB UPGRADES / PATH OF TRAVEL SCIENCE LAB UPGRADE,1480016,CIP
583,R436,FY20 RESO A FIELD UPGRADE,12424000,CIP
584,X074,FLOOD ELIMINATION / ROOFS / PARAPETS / EXTERIOR MASONRY,7504528.75,CIP
585,Q215,IPDVS INSTALLATIONS / IPDVS INSTALLATIONS,310000,CIP
586,Q465,FY24 RESO A AUDITORIUM UPGRADE / PATH OF TRAVEL RESO A AUDITORIUM UPGRADE,700000,CIP
587,K411,ATHLETIC FIELD BLEACHERS C OF O,385948,CIP
588,X131,CHARTER MATCH SCIENCE LAB UPGRADE / PATH OF TRAVEL CHARTER MATCH SCIENCE LAB UPGRADE,595000,CIP
589,R600,LSP VENTILATION/DUST COLLECTION SYSTEM,79200,CIP
590,M871,STRUCTURAL ISSUES,2196135.2,CIP
591,X149,LSP LL26 CODE COMPLIANCE/EXIT SIGN REPLACEMENT,64670,CIP
592,K261,FLOOD ELIMINATION / PARAPETS / ROOFS / PLAYGROUND REDEVELOPMENT / TCU REMOVAL/PLAYGROUND REDEVELOPMENT / PATH OF TRAVEL TCU REMOVAL/PLAYGROUND REDEVELOPMENT,5842449,CIP
593,Q169,FY21 RESO A AUDITORIUM UPGRADE / ELECTRIFICATION/HEAT PUMP SYSTEMS / ELECTRICAL UPGRADE / WINDOWS / ROOFS / LIGHTING UPGRADE,30300000,CIP
594,M152,FY24 RESO A IPDVS CAMERA INSTALLATION / FY24 RESO A IPDVS CAMERA INSTALLATION,444446,CIP
595,K660,FY25 RESO A GYMNASIUM UPGRADE,498000,CIP
596,K138,RPZ VALVES,7216,CIP
597,Q125,FLOOD ELIMINATION,2591334,CIP
598,K515,C OF O / LOW-VOLTAGE ELECTRICAL SYSTEMS / ELECTRICAL SYSTEMS,5916000,CIP
599,K263,ROOFS / WINDOWS / EXTERIOR MASONRY / PAVED AREA- CONCRETE / PARAPETS,28600000,CIP
600,K206,Addition,59600000,CAP
601,K356,ROOFS / EXTERIOR MASONRY,5800000,CIP
602,X112,WINDOWS / EXTERIOR MASONRY / PARAPETS / FLOOD ELIMINATION,6179000,CIP
603,Q062,LSP DOMESTIC WATER HEATER REPLACEMENT,148607.82,CIP
604,M488,FY24 RESO A PLAYGROUND UPGRADE,323814,CIP
605,M480,LL 41/16 COMPLIANCE (002729) / LL 41/16 COMPLIANCE (005181) / LL 41/16 COMPLIANCE (005182) / LL 41/16 COMPLIANCE (002762) / LL 41/16 COMPLIANCE (005183) / LL 41/16 COMPLIANCE  (005184) / LL 41/16 COMPLIANCE (005185) / LL 41/16 COMPLIANCE (005186) / LL 41,19998.32,CIP
606,K302,WALK-IN REFRIGERATORS AND FREEZERS,585000,CIP
607,K038,IPDVS INSTALLATIONS / IPDVS INSTALLATIONS,380000,CIP
608,Q234,FY25 RESO A GYMNASIUM UPGRADE,560000,CIP
609,X460,FY23 RESO A GYMNASIUM UPGRADE,206195,CIP
610,K172,EXTERIOR MASONRY / ROOFS / PARAPETS / PAVED AREAS CONCRETE / WINDOWS,15764000,CIP
611,Q512,Demo,3299000,CAP
612,Q247,FY24 RESO A AUDITORIUM UPGRADE / FY24 RESO A PLAYGROUND UPGRADE,1545000,CIP
613,Q022,FLOOD ELIMINATION / ROOFS / PARAPETS / EXTERIOR MASONRY / WINDOWS,11244000,CIP
614,Q811,PLANYC BOILER CONVERSION / PLANYC CLIMATE CONTROL,5580000,CIP
615,Q043,TCU REMOVAL/PLAYGROUND REDEVELOPMENT,1179000,CIP
616,Q431,FY20 RESO A ATHLETIC FIELD UPGRADE,10542368,CIP
617,M470,LOW VOLTAGE ELECTRICAL SYSTEM / VENTILATION / CLIMATE CONTROL,11221212,CIP
618,Q146,FY24 RESO A PLAYGROUND UPGRADE / PATH OF TRAVEL RESO A PLAYGROUND UPGRADE,546000,CIP
619,K169,IPDVS INSTALLATIONS,250623.95,CIP
620,Q089,LSP DOMESTIC WATER HEATER,195000,CIP
621,X027,IPDVS CAMERA INSTALLATION / IPDVS CAMERA INSTALLATION,495000,CIP
622,Q450,RPZ VALVES,389000,CIP
623,Q292,PLAYGROUND UPGRADE / PATH OF TRAVEL PLAYGROUND UPGRADE,329726,CIP
624,Q113,LSP HOT WATER HEATER REPLACEMENT,219000,CIP
625,X655,IPDVS CAMERA INSTALLATION / IPDVS CAMERA INSTALLATION / IPDVS CAMERA INSTALLATION,568596,CIP
626,M125,IPDVS INSTALLATIONS / IPDVS INSTALLATIONS / IPDVS INSTALLATIONS,644500,CIP
627,K314,BATHROOM UPGRADE,200000,CIP
628,Q227,FY19 RESO A AUDITORIUM UPGRADE,1665000,CIP
629,K234,INTERIOR SPACES,2740580,CIP
630,Q042,FY25 RESO A AUDITORIUM UPGRADE / PATH OF TRAVEL RESO A AUDITORIUM UPGRADE,638000,CIP
631,K100,COVID VENTILATION / COVID FIRE ALARM SYSTEM,3998000,CIP
632,X063,FY20 RESO A IPDVS CAMERA INSTALLATION / IPDVS CAMERA INSTALLATION / FY24 RESO A IPDVS CAMERA INSTALLATION,634712.48,CIP
633,R043,FY20 RESO A LIBRARY UPGRADE / FY21 RESO A SCIENCE LAB UPGRADES,1471000,CIP
634,Q184,ROOFS / PARAPETS / EXTERIOR MASONRY,2825000,CIP
635,Q073,PLANYC CLIMATE CONTROL / PLANYC BOILER CONVERSION,7810000,CIP
636,M047,EXTERIOR MASONRY / RTU REPLACEMENT / WINDOWS / PARAPETS / ROOFS,24733000,CIP
637,K116,FLOOD ELIMINATION / EXTERIOR MASONRY,5543680,CIP
638,M075,RPZ BACKFLOW PREVENTION DEVICES,706786,CIP
639,R055,PLANYC BOILER CONVERSION / PLANYC CLIMATE CONTROL,8419000,CIP
640,Q119,FY23 RESO A COMPUTER LAB UPGRADE,316914,CIP
641,Q005,FY25 RESO A IPDVS CAMERA INSTALLATION / FY25 RESO A IPDVS CAMERA INSTALLATION,451000,CIP
642,X070,WALK-IN REFRIGERATORS AND FREEZERS,484000,CIP
643,X086,IPDVS INSTALLATIONS / IPDVS INSTALLATIONS,387000,CIP
644,K205,FIRE ALARM SYSTEM REPLACEMENT,978995,CIP
645,K152,LOW VOLTAGE ELECTRICAL SYSTEM,1243000,CIP
646,R470,FY20 RESO A IPDVS CAMERA INSTALLATION / FY25 RESO A IPDVS CAMERA INSTALLATION / FY25 RESO A IPDVS CAMERA INSTALLATION,381818,CIP
647,X138,Addition,57799000,CAP
648,Q085,ROOFS / EXTERIOR MASONRY / WINDOWS / PARAPETS,10980000,CIP
649,Q610,LOW VOLTAGE ELECTRICAL SYSTEMS,1250000,CIP
650,Q122,ROOFS / PARAPETS / EXTERIOR MASONRY / FLOOD ELIMINATION,11773000,CIP
651,Q138,FY24 RESO A LIBRARY UPGRADE / PATH OF TRAVEL RESO A LIBRARY UPGRADE,459000,CIP
652,X114,PLANYC BOILER CONVERSION / PLANYC CLIMATE CONTROL,6650000,CIP
653,Q463,FY23 RESO A ATHLETIC FIELD UPGRADE,10567000,CIP
654,K015,IPDVS CAMERA INSTALLATION / IPDVS CAMERA INSTALLATION,350000,CIP
655,Q220,EXTERIOR MASONRY,983000,CIP
656,K490,LOW VOLTAGE ELECTRICAL SYSTEM,3051000,CIP
657,Q096,Addition,51093080,CAP
658,X137,PATH OF TRAVEL RESO A ROOM CONVERSION / FY22 RESO A ROOM CONVERSION,1691000,CIP
659,Q499,LSP DOMESTIC WATER HEATER REPLACEMENT,100000,CIP
660,K425,COVID VENTILATION,11445000,CIP
661,K157,WALK-IN REFRIGERATORS AND FREEZERS,529126,CIP
662,Q520,MECHANICAL PIPING,645750,CIP
663,X152,PARAPETS / ROOFS / EXTERIOR MASONRY / CHILLER PLANT UPGRADE / FLOOD ELIMINATION,12963000,CIP
664,M234,FIRE ALARM SYSTEM REPLACEMENT,1200000,CIP
665,K062,ROOFS / PARAPETS / WINDOWS / EXTERIOR MASONRY / FLOOD ELIMINATION,21883000,CIP
666,M008,IPDVS INSTALLATIONS / IPDVS INSTALLATIONS / FY25 RESO A IPDVS CAMERA INSTALLATION,514000,CIP
667,R025,ROOFS,2292000,CIP
668,M191,IPDVS INSTALLATIONS / IPDVS INSTALLATIONS,345500,CIP
669,K332,ROOFS / PARAPETS / EXTERIOR MASONRY / ROOF TOP UNIT / PAVED AREAS- CONCRETE,13345000,CIP
670,K801,ELEVATOR MODERNIZATION,800000,CIP
671,X496,New,75628000,CAP
672,K019,PATH OF TRAVEL PLAYGROUND UPGRADE / FY22 RESO A PLAYGROUND UPGRADE / EXTERIOR MASONRY / WINDOWS / PARAPETS / ROOFS / SITE WORK / FLOOD ELIMINATION,27500000,CIP
673,K211,FULL PROGRAM ACCESSIBILITY,10844000,CIP
674,Q420,FY24 RESO A ROOM CONVERSION / PATH OF TRAVEL RESO A ROOM CONVERSION,757000,CIP
675,K188,FULL PROGRAM ACCESSIBILITY / ROOFS / PARAPETS / EXTERIOR MASONRY,19400000,CIP
676,X022,ROOFS / GYMNASIUM FLOORING / EXTERIOR MASONRY / WINDOWS / PARAPETS,17900000,CIP
677,K194,FULL PROGRAM ACCESSIBILITY,10990000,CIP
678,M020,IPDVS INSTALLATIONS,212838.05,CIP
679,M490,SWIMMING POOL,4638060,CIP
680,Q026,Addition,58108744.2,CAP
681,Q141,LSP CAFETERIA CEILING REPLACEMENT,472854,CIP
682,M112,FULL PROGRAM ACCESSIBILITY / FULL PROGRAM ACCESSIBILITY,30910000,CIP
683,Q686,TENNIS COURT REMEDIATION,595635,CIP
684,Q058,ROOFS / PARAPETS,5089694,CIP
685,X099,ROOFS / WINDOWS / EXTERIOR MASONRY,10711000,CIP
686,Q008,FY24 RESO A IPDVS CAMERA INSTALLATION,246108.9,CIP
687,K126,ROOFS / FLOOD ELIMINATION / EXTERIOR MASONRY,5150000,CIP
688,M042,FLOOD ELIMINATION / ROOFS / PARAPETS / WINDOWS / EXTERIOR MASONRY,12360911,CIP
689,Q020,FIRE ALARM SYSTEM / MECHANICAL SYSTEMS REPAIR / CERTIFICATE OF OCCUPANCY,9411000,CIP
690,Q136,IPDVS INSTALLATIONS / IPDVS INSTALLATIONS,402000,CIP
691,X053,STH- SBHC,2995000,CIP
692,M087,WINDOWS / RPZ BACKFLOW PREVENTION DEVICES / PLANYC BOILER CONVERSION / PLANYC CLIMATE CONTROL / ROOFS / PARAPETS / EXTERIOR MASONRY / EXTERIOR DOORS,23719000,CIP
693,Q222,LSP DOMESTIC WATER HEATER,187631.22,CIP
694,Q105,ROOFS / EXTERIOR MASONRY,4485000,CIP
695,X400,SCIENCE LAB UPGRADES / PATH OF TRAVEL SCIENCE LAB UPGRADES,1785000,CIP
696,Q508,Demo,6872000,CAP
697,R031,ROOFS / PARAPETS / EXTERIOR MASONRY,6160000,CIP
698,M041,IPDVS INSTALLATIONS / IPDVS INSTALLATIONS,450000,CIP
699,Q485,SCIENCE LAB UPGRADES,2309400,CIP
700,Q239,LSP DOMESTIC WATER HEATER,165984.08,CIP
701,Q179,ROOFS,4786000,CIP
702,K162,FULL PROGRAM ACCESSIBILITY / ELECTRIFICATION/HEAT PUMP SYSTEMS / WINDOWS / ELECTRICAL SERVICE UPGRADE,36860000,CIP
703,Q158,ROOFS / GYM CEILING / PARAPETS / EXTERIOR MASONRY,12658000,CIP
704,X127,PLANYC BOILER CONVERSION / PLANYC CLIMATE CONTROL,9603000,CIP
705,K680,New,107211000,CAP
706,R004,ELECTRICAL WORK FOR A/C INITIATIVE,19777.11,CIP
707,K023,IPDVS INSTALLATIONS / IPDVS INSTALLATIONS,347555,CIP
708,K185,RESO A PLAYGROUND / PATH OF TRAVEL RESO A PLAYGROUND,2175213,CIP
709,M132,IPDVS INSTALLATIONS / IPDVS INSTALLATIONS,399950,CIP
710,K834,PLAYGROUND UPGRADE / PATH OF TRAVEL PLAYGROUND UPGRADE,627834,CIP
711,M528,FY20 RESO A PLAYGROUND UPGRADE,435000,CIP
712,Q134,IPDVS INSTALLATIONS / IPDVS INSTALLATIONS / IPDVS INSTALLATIONS,540000,CIP
713,Q153,PA SYSTEM REPLACEMENT,989999,CIP
714,Q177,PLANYC BOILER CONVERSION / PLANYC CLIMATE CONTROL,7221000,CIP
715,K152,FY24 RESO A LIBRARY UPGRADE,405000,CIP
716,Q053,PLANYC BOILER CONVERSION / PLANYC CLIMATE CONTROL,10877000,CIP
717,R019,Addition,63964529,CAP
718,X142,ROOFS / EXTERIOR MASONRY / PARAPETS / WINDOWS,26900000,CIP
719,X119,FLOOD ELIMINATION / PARAPETS,534975,CIP
720,X107,EXTERIOR MASONRY / PARAPETS / ROOFS / FLOOD ELIMINATION,5990000,CIP
721,K309,PLANYC CLIMATE CONTROL / PLANYC BOILER CONVERSION,6931000,CIP
722,Q013,FLOOD ELIMINATION / PARAPETS / EXTERIOR MASONRY / WINDOWS / ROOFS,13719026,CIP
723,K279,BACKFLOW PREVENTION DEVICES,750000,CIP
724,Q201,ELECTRICAL WORK FOR A/C INITIATIVE / LL26 CODE COMPLIANCE/EXIT SIGN REPLACEMENT,1138000,CIP
725,M645,FIRE ALARM SYSTEM / VENTILATION,7507804,CIP
726,K072,IPDVS INSTALLATION / IPDVS INSTALLATION,543000,CIP
727,M096,PLANYC BOILER CONVERSION / PLANYC CLIMATE CONTROL / LOW VOLTAGE ELECTRICAL SYSTEM,9680050,CIP
728,Q122,LOW VOLTAGE ELECTRICAL SYSTEM,1100000,CIP
729,X722,ROOF REPLACEMENT,2778600,CIP
730,Q097,ROOFS / FLOOD ELIMINATION / EXTERIOR MASONRY / RTU REPLACEMENT,8538000,CIP
731,K050,PLANYC CLIMATE CONTROL / PLANYC BOILER CONVERSION,7940000,CIP
732,Q037,FLOOD ELIMINATION / FIRE ALARM / EXTERIOR MASONRY / ELEVATOR / PARAPETS / FLOOD ELIMINATION,14990000,CIP
733,K221,ROOFS / PARAPETS / EXTERIOR MASONRY / FLOOD ELIMINATION,3921000,CIP
734,Q415,RPZ VALVES,873000,CIP
735,Q460,PATH OF TRAVEL RESO A GYMNASIUM UPGRADE / FY23 RESO A GYMNASIUM UPGRADE,828855,CIP
736,X193,STH- SBHC / PATH OF TRAVEL SCHOOL BASED HEALTH CLINIC,3111000,CIP
737,Q081,PARAPETS / EXTERIOR MASONRY / FLOOD ELIMINATION / WINDOWS / ROOFS,9793930,CIP
738,Q138,LSP- HOT WATER HEATER REPLACEMENT,252722.86,CIP
739,Q052,ELECTRICAL WORK FOR A/C INITIATIVE / ELECTRICAL WORK FOR A/C INITIATIVE / ELECTRICAL WORK FOR A/C INITIATIVE / LL26 CODE COMPLIANCE/EXIT SIGN REPLACEMENT / LL26 CODE COMPLIANCE/EXIT SIGN REPLACEMENT,587000,CIP
740,R069,FLOOD ELIMINATION,3100000,CIP
741,X160,LSP HOT WATER TANK IN BOILER ROOM,135000,CIP
742,K249,ROOFS / PARAPETS / EXTERIOR MASONRY / WINDOWS,8940000,CIP
743,K090,FLOOD ELIMINATION / ROOFS / PARAPETS / EXTERIOR MASONRY / FY22 RESO A ROOFTOP GARDEN,16959800,CIP
744,M108,WALK-IN REFRIGERATORS AND FREEZERS,428000,CIP
745,X106,EXTERIOR MASONRY,1929346,CIP
746,R446,LSP REPLACE BOILER,61800,CIP
747,Q146,EXTERIOR MASONRY,3693786,CIP
748,Q475,LOCKER ROOM UPGRADE / LOW VOLTAGE ELECTRICAL SYSTEM / PLANYC BOILER CONVERSION / PLANYC CLIMATE CONTROL / POOL WATER HEATER & FILTRATION,23999723,CIP
749,X063,FY24 RESO A ROOM CONVERSION / PATH OF TRAVEL RESO A ROOM CONVERSION,443561,CIP
750,Q074,IDA FLOOD ELIMINATION / IDA INTERIOR SPACES / IDA DOMESTIC PIPING / IDA ELECTRICAL SYSTEMS / IDA CLIMATE CONTROL / PARAPETS / EXTERIOR MASONRY / WINDOWS / ROOFS / FLOOD ELIMINATION / FENCING,36365000,CIP
751,K864,PATH OF TRAVEL WATER PENETRATION,186950,CIP
752,X175,TCU REMOVAL/PLAYGROUND REDEVELOPMENT / PATH OF TRAVEL TCU REMOVAL/PLAYGROUND REDEVELOPMENT,2917342,CIP
753,R042,FY18 RESO A PLAYGROUNDS / ROOFS / FLOOD ELIMINATION / EXTERIOR MASONRY,6963049,CIP
754,Q578,Demo,4500066,CAP
755,K656,FLOOD ELIMINATION / WINDOWS / EXTERIOR MASONRY / ROOFS / COVID VENTILATION,12095760,CIP
756,Q430,Demo,1137632,CAP
757,K324,SCIENCE LAB UPGRADE,2151000,CIP
758,K164,COVID VENTILATION / COVID FIRE ALARM REPLACEMENT,6775000,CIP
759,Q232,WATER INILTRATION / PLANYC BOILER / PLANYC CLIMATE CONTROL / LOW-VOLTAGE ELECTRICAL SYSTEM / EXTERIOR MASONRY,15528000,CIP
760,M064,FY20 RESO A  PATH OF TRAVEL PLAYGROUND UPGRADE / FY20 RESO A PLAYGROUND UPGRADE,2375000,CIP
761,M142,ROOFS / PARAPETS / EXTERIOR MASONRY,8640000,CIP
762,K197,IPDVS INSTALLATIONS,310606.25,CIP
763,K002,FY24 RESO A ROOM CONVERSION,148000,CIP
764,K102,FLOOD ELIMINATION / PATH OF TRAVEL FLOOD ELIMINATION,4566919,CIP
765,Q207,ROOFS / EXTERIOR MASONRY,3680000,CIP
766,M176,PARAPETS / FY20 RESO A PLAYGROUND UPGRADE / EXTERIOR MASONRY,6298000,CIP
767,K180,EXTERIOR MASONRY / FULL PROGRAM ACCESSIBILITY / FLOOD ELIMINATION,22935000,CIP
768,K147,ELECTRICAL SERVICE ROOM,1050000,CIP
769,R008,FY18 RESO A PLAYGROUNDS / PATH OF TRAVEL RESO A PLAYGROUNDS,3329000,CIP
770,M440,DEFECTIVE POOL FOUNDATION WALLS,17668000,CIP
771,X009,STH-SBHC ROOM CONVERSION / STH–SBHC ELECTRICAL SYSTEMS / INTRUSION ALARM SYSTEM,5873400,CIP
772,R880,REINFORCING SUPPORT ELEMENTS,2245000,CIP
773,Q340,New,31395000,CAP
774,K447,Lease,14157000,CAP
775,K029,FULL PROGRAM ACCESSIBILITY / LOW VOLTAGE ELECTRICAL SYSTEMS,15875000,CIP
776,Q131,PHASE 4 EXISTING BUILDING WORK / WINDOWS / EXTERIOR MASONRY / FLOOD ELIMINATION / DRAINAGE,14661000,CIP
777,K455,ELECTRICAL WORK FOR A/C INITIATIVE,4510,CIP
778,K110,EXTERIOR MASONRY,1242750,CIP
779,K007,IPDVS INSTALLATIONS / IPDVS INSTALLATIONS,303000,CIP
780,X425,FY22 RESO A LOCKER ROOM UPGRADE / REINFORCING SUPPORT ELEMENTS / SWIMMING POOL / PATH OF TRAVEL SWIMMING POOL / VENTILATION,27424000,CIP
781,M128,FY23 RESO A IPDVS CAMERA INSTALLATION,288392.04,CIP
782,K287,IPDVS INSTALLATIONS / IPDVS INSTALLATIONS / IPDVS INSTALLATIONS,555000,CIP
783,K306,IPDVS INSTALLATIONS / IPDVS INSTALLATIONS / IPDVS INSTALLATIONS,588995,CIP
784,M480,FY22 RESO A GYMNASIUM UPGRADE / PATH OF TRAVEL RESO A GYMNASIUM UPGRADE,1051657,CIP
785,Q067,ROOFS / PARAPETS / EXTERIOR MASONRY,9706300,CIP
786,K230,IPDVS INSTALLATIONS,185242.28,CIP
787,Q401,ATHLETIC FIELD UPGRADE / PATH OF TRAVEL ATHLETIC FIELD UPGRADE / FIELD HOUSE,43650000,CIP
788,X660,PATH OF TRAVEL RESO A PLAYGROUND UPGRADE / FY23 RESO A PLAYGROUND UPGRADE,2798000,CIP
789,Q031,CHIMNEY LINER REPLACEMENT / PLANYC BOILER CONVERSION / PLANYC CLIMATE CONTROL / REINFORCING SUPPORT ELEMENTS / EXTERIOR MASONRY / ROOFS / PARAPETS,14330000,CIP
790,R075,FY17 RESO A GREENHOUSE / FLOOD ELIMINATION / PARAPETS / WINDOWS / EXTERIOR MASONRY / PAVED AREAS- CONCRETE / ROOFS / FY20 RESO A PLAYGROUND UPGRADE,18932000,CIP
791,K390,ROOFS / PARAPETS / SECURITY LIGHTING / EXTERIOR MASONRY / FLOOD ELIMINATION / WINDOWS,24424000,CIP
792,M131,LSP DANCE FLOOR REPLACEMENT,91150,CIP
793,X181,FY15 RESO A PLAYGROUND REDEVELOPMENT,2604000,CIP
794,X079,FY21 RESO A SUPPLEMENTAL COOLING / FY21 RESO A ROOM CONVERSION,1073000,CIP
795,Q455,"CEILING ACOUSTAL TILES REPLACEMENT / ROOF SLATE TILES / WATER PENETRATION IN BOILER, GAS ROOM, 
OIL TANK ROOM, CELLAR HALLWAY / VENTILATION / ROOFS / FIRE ALARM SYSTEM / EXTERIOR MASONRY",40922300,CIP
796,M054,PLANYC CLIMATE CONTROL / PLANYC BOILER CONVERSION,6728000,CIP
797,Q116,EXISTING BUILDING/FIRE ALARM UPGRADE / EXISTING BUILDING/ IPDVS UPGRADE / EXISTING BUILDING/ELECTRICAL SYSTEMS UPGRADE / TCU REMOVAL/PLAYGROUND REDEVELOPMENT-TCU REMOVAL/PLAYGROUND RENOVATION,5445971,CIP
798,Q095,EXISTING BUILDING/ELECTRICAL SYSTEMS UPGRADE / EXISTING BUILDING/IPDVS / EXISTING BUILDING/FIRE ALARM REPLACEMENT / EXISTING BUILDING-KITCHEN RENOVATION,5879602,CIP
799,K039,IPDVS INSTALLATIONS / IPDVS INSTALLATIONS,400000,CIP
800,Q686,FY23 RESO A LIBRARY UPGRADE,459990,CIP
801,K241,IPDVS INSTALLATIONS / IPDVS INSTALLATIONS / IPDVS INSTALLATIONS,580000,CIP
802,X039,FY25 RESO A ROOM CONVERSION / PATH OF TRAVEL RESO A ROOM CONVERSION,373000,CIP
803,K436,FIELD HOUSE / ATHLETIC FIELD,54900000,CIP
804,K158,IPDVS INSTALLATIONS / IPDVS INSTALLATIONS,303000,CIP
805,K515,FY23 RESO A AUDITORIUM UPGRADE / PATH OF TRAVEL RESO A AUDITORIUM UPGRADE,1053000,CIP
806,Q190,FY23 RESO A SCHOOLYARD UPGRADE,410650,CIP
807,R051,RESO A PLAYGROUND UPGRADE,3127000,CIP
808,M528,LSP HOT WATER HEATER,106500,CIP
809,K835,REPLACE (3) ROOF TOP UNITS / ROOFS,3616000,CIP
810,M480,COVID VENTILATION / COVID BMS UPGRADE,2890000,CIP
811,X080,FY23 RESO A AUDITORIUM UPGRADE / PATH OF TRAVEL RESO A AUDITORIUM UPGRADE,598985,CIP
812,M192,EXTERIOR STAIRS / PAVED AREAS - CONCRETE / NON-TCU TEMPORARY REMOVAL/PLAYGROUND REDEVELOPMENT / PATH OF TRAVEL OTHER TEMP STRUCTURE REMOVAL/PLAYGROUND REDEVELOPMENT,4382190,CIP
813,Q512,New,82737773,CAP
814,K176,FLOOD ELIMINATION / ROOFS / PARAPETS / EXTERIOR MASONRY / WINDOWS,20100110,CIP
815,X085,OTHER TEMP STRUCTURE REMOVAL/PLAYGROUND REDEVELOPMENT / PATH OF TRAVEL- OTHER TEMP STRUCTURE REMOVAL/PLAYGROUND REDELOPMENT / FY24 RESO A AUDITORIUM UPGRADE / FY24 RESO A PLAYGROUND UPGRADE / PATH OF TRAVEL RESO A AUDITORIUM UPGRADE / PATH OF TRAVEL RESO,7184750,CIP
816,K329,ROOFS / PARAPETS / EXTERIOR MASONRY,6939024,CIP
817,K153,COVID VENTILATION / COVID FIRE ALARM SYSTEM REPLACEMENT / COVID ELECTRICAL UPGRADE,6921000,CIP
818,Q497,New,110755000,CAP
819,X511,Lease,0,CAP
820,X066,FY22 RESO A LIBRARY UPGRADE / PATH OF TRAVEL RESO A LIBRARY UPGRADE,448000,CIP
821,M188,LL 26-EXIT SIGNS,82572.27,CIP
822,X114,IPDVS CAMERA INSTALLATION / IPDVS CAMERA INSTALLATION,476800,CIP
823,K200,IPDVS INSTALLATIONS / IPDVS INSTALLATIONS,401000,CIP
824,K194,FY25 RESO A LIBRARY UPGRADE,322972,CIP
825,Q096,Demo,2981000,CAP
826,M465,LL 26-EXIT SIGNS,157564.59,CIP
827,X019,EXTERIOR MASONRY / PARAPETS / FLOOD ELIMINATION,6223022,CIP
828,X130,PLANYC BOILER CONVERSION / PLANYC CLIMATE CONTROL,5273474.75,CIP
829,K391,CHILLER REPLACEMENT @ K391 / FIRE ALARM SYSTEM,6715000,CIP
830,X129,PLANYC CLIMATE CONTROL / PLANYC BOILER CONVERSION,9220000,CIP
831,M123,WINDOWS / EXTERIOR MASONRY,7900003,CIP
832,Q161,WINDOWS / PARAPETS,7282400,CIP
833,R020,ROOFS / EXTERIOR MASONRY / PARAPETS,3843919,CIP
834,Q126,FY23 RESO A SCIENCE LAB / PATH OF TRAVEL RESO A SCIENCE LAB,754948,CIP
835,K656,PLANYC BOILER CONVERSION / PLANYC CLIMATE CONTROL,6277000,CIP
836,K234,PARAPETS / WINDOWS / EXTERIOR MASONRY,9978000,CIP
837,M004,RESO A PLAYGROUND UPGRADE / PATH OF TRAVEL RESO A PLAYGROUND,609000,CIP
838,K094,VENTILATION / FIRE ALARM SYSTEM REPLACEMENT / BMS UPGRADE,8841000,CIP
839,K299,FULL PROGRAM ACCESSIBILITY / PA SYSTEM REPLACEMENT,12777000,CIP
840,K303,ROOFS / PARAPETS / EXTERIOR MASONRY / FLOOD ELIMINATION,11000000,CIP
841,K280,Lease,10100000,CAP
842,K490,IDA FLOOD ELIMINATION / IDA HEATING PLANT UPGRADE / IDA CLIMATE CONTROL / NON-IDA CLIMATE CONTROL / IDA INTERIOR SPACES / IDA POOL BOILER / IDA ELECTRICAL SYSTEMS / PATH OF TRAVEL IDA INTERIOR SPACES,24474000,CIP
843,K123,FULL PROGRAM ACCESSIBILITY / MECHANICAL VENTILATION,17541000,CIP
844,X451,ATHLETIC FIELD/FIELD HOUSE / DEP GREEN INFRASTRUCTURE,26498950,CIP
845,X043,FULL PROGRAM ACCESSIBILITY / ROOFS,17088000,CIP
846,K139,EXTERIOR MASONRY,399314,CIP
847,M046,FULL PROGRAM ACCESSIBILITY,11997400,CIP
848,Q062,ROOFS / PARAPETS / EXTERIOR MASONRY / WINDOWS,10546400,CIP
849,K370,EXTERIOR MASONRY,1970249,CIP
850,M083,PLANYC BOILER CONVERSION / PLANYC CLIMATE CONTROL,5984000,CIP
851,K035,FY18 RESO A AUDITORIUM UPGRADE,28000,CIP
852,X052,FY20 RESO A IPDVS CAMERA INSTALLATION / FY20 RESO A IPDVS CAMERA INSTALLATION / FY20 RESO A IPDVS CAMERA INSTALLATION,700500,CIP
853,K207,FY24 RESO A SCIENCE LAB UPGRADE / PATH OF TRAVEL RESO A SCIENCE LAB UPGRADE,805800.04,CIP
854,M486,LSP - FY22 RESO A ELECTRICAL UPGRADE,122000,CIP
855,X178,FULL PROGRAM ACCESSIBILITY / FIRE ALARM SYSTEM REPLACEMENT,6831000,CIP
856,Q025,PLANYC BOILER CONVERSION / PLANYC CLIMATE CONTROL,7975000,CIP
857,R435,REPLACE SINGLE STAGE STEAM ABSORBER / HOT WATER HEATER REPLACEMENT / AIR CONDITIONING / COVID VENTILATION / COVID BMS REPLACEMENT,16775000,CIP
858,Q298,FY22 RESO A PLAYGROUND UPGRADE,242000,CIP
859,M173,FLOOD ELIMINATION / PARAPETS / EXTERIOR MASONRY / PAVED AREAS- CONCRETE / ROOFS,9926550,CIP
860,X074,IPDVS CAMERA INSTALLATION,197200,CIP
861,Q212,IPDVS INSTALLATIONS,150810.41,CIP
862,Q090,AUDITORIUM UPGRADE,929000,CIP
863,Q469,TCU REMOVAL/PLAYGROUND REDEVELOPMENT,224100,CIP
864,Q798,LSP- DOMESTIC HOT WATER HEATER REPLACEMENT,213968.76,CIP
865,K061,ROOFS / PARAPETS / WINDOWS / EXTERIOR MASONRY / DOORS / SIDEWALK ELEVATOR / HVAC UPGRADE FOR CLASSROOMS AND PA SPACES / ELECTRICAL UPGRADE / HOT WATER HEATERS / FIRE ALARM SYSTEM REPLACEMENT,73929000,CIP
866,X028,DETERIORATED METAL ARCH CEILING & BEAMS / FULL PROGRAM ACCESSIBILITY / ELECTRICAL SERVICE UPGRADE / EXTERIOR MASONRY / WINDOWS,37799000,CIP
867,K425,EXTERIOR MASONRY / PARAPETS / ROOFS / WINDOWS,39350000,CIP
868,X152,IPDVS INSTALLATIONS / IPDVS INSTALLATIONS / IPDVS INSTALLATIONS,599500,CIP
869,X655,STH SBHC,2918000,CIP
870,M276,IDA INTERIOR SPACES / IDA FLOOD ELIMINATION,711500,CIP
871,M154,FIRE ALARM SYSTEM REPLACEMENT,660000,CIP
872,Q197,PATH OF TRAVEL RESO A PLAYGROUND UPGRADE / FY21 RESO A PLAYGROUND UPGRADE / RETAINING WALL,533210,CIP
873,X098,EXTERIOR MASONRY / FLOOD ELIMINATION / PARAPETS / ROOFS,8384000,CIP
874,R004,PLANYC BOILER CONVERSION / PLANYC CLIMATE CONTROL,6877000,CIP
875,R026,ELECTRICAL WORK FOR A/C INITIATIVE,3146.56,CIP
876,Q009,FULL PROGRAM ACCESSIBILITY / CAFETERIA UPGRADE / VENTILATION,18766000,CIP
877,M022,FULL PROGRAM ACCESSIBILITY / LOW VOLTAGE ELECTRICAL SYSTEMS,19555000,CIP
878,Q136,FY24 RESO A LIBRARY UPGRADE,624233,CIP
879,M475,AUDITORIUM UPGRADE / ROOFS / PATH OF TRAVEL AUDITORIUM UPGRADE / PARAPETS / EXTERIOR MASONRY / WINDOWS,27711000,CIP
880,X119,STRUCTURAL ISSUES/BUILDING FACADES- PERM FIX / ROOFS / WINDOWS / PARAPETS,12467600,CIP
881,Q155,FLOOD ELIMINATION / ROOFS / PARAPETS / WINDOWS / EXTERIOR MASONRY,9498000,CIP
882,Q087,FY19 RESO A CAFETERIA / MULTIPURPOSE ROOM UPGRADE,1300000,CIP
883,Q223,LSP- DOMESTIC HOT WATER HEATER,237744.76,CIP
884,Q005,PUBLIC ADDRESS SYSTEM / HVAC,4710000,CIP
885,X400,TCU REMOVAL/PLAYGROUND REDEVELOPMENT / PATH OF TRAVEL TCU REMOVAL/PLAYGROUND REDEVELOPMENT,3463919,CIP
886,Q822,FULL PROGRAM ACCESSIBILITY / FIRE ALARM REPLACEMENT / FULL PROGRAM ACCESSIBILITY,13821000,CIP
887,X070,STH SBHC,3250000,CIP
888,K131,PLAYGROUND UPGRADE / STORM & SEWER PIPING REPLACEMENT / PATH OF TRAVEL PLAYGROUND UPGRADE,3041343.07,CIP
889,R126,Demo,9498000,CAP
890,M634,Lease,35826423,CAP
891,K169,ROOF REPLACEMENT / EXTERIOR MASONRY / PARAPETS / WINDOWS,14790025,CIP
892,K216,COVID VENTILATION / COVID CLIMATE CONTROL / COVID FIRE ALARM SYSTEM,5494000,CIP
893,X112,FY23 RESO A PLAYGROUND UPGRADE,259000,CIP
894,K020,FULL PROGRAM ACCESSIBILITY / ROOFS / PARAPETS / EXTERIOR MASONRY / PLAYGROUND RENOVATION / FIRE ALARM SYSTEM / FY24 RESO A GREEN ROOF,23600000,CIP
895,K015,GAS LEAK,16754.48,CIP
896,K190,IPDVS INSTALLATION / FY24 RESO A IPDVS CAMERA INSTALLATION / FY24 RESO A IPDVS CAMERA INSTALLATION,510000,CIP
897,K405,PARAPETS / FLOOD ELIMINATION / EXTERIOR MASONRY / WINDOWS,19570000,CIP
898,Q465,FY23 RESO A ELECTRICAL UPGRADE,317925,CIP
899,M501,ELECTRIFICATION/HEAT PUMP SYSTEMS / WINDOWS / ELECTRICAL UPGRADE / LOW VOLTAGE ELECTRICAL SYSTEMS,40919919,CIP
900,X137,PATH OF TRAVEL RESO A PLAYGROUND UPGRADE / FY23 RESO A PLAYGROUND UPGRADE,4373000,CIP
901,Q056,TCU REMOVAL/PLAYGROUND REDEVELOPMENT,1225000,CIP
902,M110,FACADE REMEDIATION @M110 / PARAPETS / ROOFS / FLOOD ELIMINATION,12326200,CIP
903,Q166,ROOFS / PARAPETS / EXTERIOR MASONRY,10740000,CIP
904,K057,BUILDING DRAIN BACKUP,835519,CIP
905,K099,FULL PROGRAM ACCESSIBILITY / LOW VOLTAGE ELECTRICAL SYSTEM,12771000,CIP
906,K314,LSP FY16 RESO A EXTERIOR PLAYGROUND LIGHTING,198825,CIP
907,K264,FY23 RESO A AUDITORIUM UPGRADE,264350,CIP
908,KBDD,ACS EARLY LEARN LEASE IMPROVEMENT,677000,CIP
909,Q042,EXTERIOR MASONRY / WINDOWS / PARAPETS,15970000,CIP
910,X047,IPDVS INSTALLATIONS / IPDVS INSTALLATIONS,322000,CIP
911,M041,ROOFS / PARAPETS / EXTERIOR MASONRY / WINDOWS,17056000,CIP
912,K115,IPDVS INSTALLATIONS / IPDVS INSTALLATIONS,380000,CIP
913,Q019,PARAPETS / ROOFS / WINDOWS,9425000,CIP
914,M075,ROOFS / STAIRWELL WINDOWS / PARAPETS / FLOOD ELIMINATION / EXTERIOR MASONRY,12628000,CIP
915,K040,IPDVS INSTALLATIONS / IPDVS INSTALLATIONS,398000,CIP
916,XAYF,LSP - ACS EARLY LEARN LEASE RENEWAL,42700,CIP
917,X460,ROOFS / PARAPETS / EXTERIOR MASONRY / FLOOD ELIMINATION,6260000,CIP
918,K743,EXTERIOR MASONRY / LOW VOLTAGE ELECTRICAL SYSTEMS / VENTILATION / ROOFS / WINDOWS / PARAPETS / FLOOD ELIMINATION,9880000,CIP
919,Q260,ROOFS / EXTERIOR MASONRY,2399000,CIP
920,Q104,DOWNTOWN FAR ROCKAWAY REZONING PARK UPGRADES,697500,CIP
921,K244,FY23 RESO A GYMNASIUM UPGRADE,695000,CIP
922,R460,PATH OF TRAVEL LSP ROOM CONVERSION,80800,CIP
923,Q124,FY25 RESO A AUDITORIUM UPGRADE / PATH OF TRAVEL RESO A AUDITORIUM UPGRADE,594000,CIP
924,Q216,PLANYC BOILER CONVERSION / PLANYC CLIMATE CONTROL,6000761,CIP
925,R057,FULL PROGRAM ACCESSIBILITY / LOW-VOLTAGE ELECTRICAL SYSTEMS,14210000,CIP
926,Q435,FULL PROGRAM ACCESSIBILITY / LOW VOLTAGE ELECTRICAL SYSTEMS,12350000,CIP
927,Q045,FLOOD ELIMINATION / ROOFS / PARAPETS / EXTERIOR MASONRY,12166000,CIP
928,K260,IPDVS INSTALLATIONS / IPDVS INSTALLATIONS,334750,CIP
929,Q150,FLOOD ELIMINATION / ROOFS / PARAPETS / EXTERIOR MASONRY,8888000,CIP
930,Q052,FY25 RESO A LIBRARY UPGRADE / PATH OF TRAVEL RESO A LIBRARY UPGRADE,349000,CIP
931,M841,ROOFS,5635838,CIP
932,M098,OTHER TEMP STRUCTURE REMOVAL/PLAYGROUND REDEVELOPMENT: / PATH OF TRAVEL-OTHER TEMP STRUCTURE REMOVAL,2547000,CIP
933,Q520,WATER INFILTRATION,944945,CIP
934,K281,EXTERIOR MASONRY / WINDOWS / ROOFS,14817000,CIP
935,X148,FY23 RESO A PLAYGROUND UPGRADE / ROOFS,8855000,CIP
936,K078,PLANYC CLIMATE CONTROL / PLANYC BOILER CONVERSION / FIRE ALARM SYSTEM REPLACEMENT,12142000,CIP
